rw_steps,rw_samples,rw_duration_s,charge_throughput_ah,discharge_throughput_ah,abs_current_mean,current_mean,current_std,current_min,current_max,current_range,voltage_mean,voltage_std,voltage_min,voltage_max,voltage_range,temperature_mean,temperature_std,temperature_min,temperature_max,temperature_range,battery_id,target_capacity_ah,initial_capacity_ah,SoH,cycle_index,profile_group
3000,352114,348302.2,108.80816520555545,107.41500031249997,2.224125144129458,0.014359329648920515,2.5223661159267947,-4.605,4.604,9.209,3.747580939695667,0.28037963079130507,2.953,4.463,1.5100000000000002,28.52964514046587,2.511651946226207,21.58597,36.36126,14.775290000000002,RW10,2.051825,2.051825,100.0,1,Group_9_12
3000,334785,331062.29999999993,98.54539036666675,96.54879228888889,2.11214993204594,0.021430574846543305,2.3899475277019158,-4.612,4.612,9.224,3.7370502023686845,0.2815996530465389,2.995,4.341,1.346,28.607965848230954,2.2324464778259188,22.22367,37.26995,15.046280000000003,RW10,1.97845,2.051825,96.42391529492038,2,Group_9_12
3000,320039,316197.23,92.49464091944449,90.8455055888889,2.0776574386246676,0.018787763366339714,2.364129125986188,-4.602,4.613,9.215,3.7418073797255955,0.28861091671759115,2.952,4.352,1.4000000000000004,28.3092057632976,2.426367597580631,21.05715,36.33046,15.273310000000002,RW10,1.912779166666667,2.051825,93.22330933031165,3,Group_9_12
3000,310858,307018.96,87.96184130416674,86.23610238749995,2.0336547265954232,0.0189192010499971,2.315709077892104,-4.607,4.598,9.205,3.7435831440722134,0.285976059276562,2.978,4.351,1.3729999999999998,28.7633083191039,2.299266312167832,22.51919,37.59338,15.074190000000005,RW10,1.866752777777778,2.051825,90.98011661704959,4,Group_9_12
3000,292735,288861.08999999997,80.30423204999991,78.70913696249994,1.9728446513057885,0.019316320221360615,2.2292967679790556,-4.607,4.606,9.213000000000001,3.7433178847763338,0.29132999343929045,3.034,4.411,1.3769999999999998,28.067181135497975,2.197531328078124,21.36822,35.14455,13.776330000000002,RW10,1.7579541666666667,2.051825,85.67758783846901,5,Group_9_12
3000,288283,284458.85,75.4019440069445,74.06570180277778,1.8840759808937741,0.01684365016320768,2.139175989560659,-4.608,4.608,9.216,3.7472314878088544,0.28828306548376553,2.991,4.582,1.5909999999999997,34.303600251835874,2.0413369643921975,27.35635,41.55933,14.202980000000004,RW10,1.707936216666667,2.051825,83.2398580125823,6,Group_9_12
3000,266383,262578.05000000005,68.50723512083344,66.7913660069444,1.8475335250372587,0.023739814477650608,2.1057800743175643,-4.61,4.612,9.222000000000001,3.737265200857412,0.2973315484100491,2.942,4.418,1.476,34.52733021116212,2.2873877068551045,27.40301,42.37164,14.968630000000001,RW10,1.656443590277778,2.051825,80.73025673621181,7,Group_9_12
3000,267440,263541.55000000005,70.75491777361107,69.47248766249996,1.9070864044271614,0.01831571193538738,2.145793704983383,-4.609,4.606,9.215,3.739745699970087,0.30196465091181657,3.024,4.351,1.327,35.13319621578672,2.141858980850124,28.38289,42.58621,14.203320000000001,RW10,1.5985944444444447,2.051825,77.91085713666833,8,Group_9_12
3000,248465,244680.43,60.73990300277771,59.00169393194442,1.7559287304046847,0.024750769726118366,2.000197381865975,-4.599,4.613,9.212,3.7430551063530073,0.2944564233966576,2.955,4.376,1.4210000000000003,34.20572970683999,2.021064073133932,26.99862,41.42139,14.422770000000003,RW10,1.5302458333333333,2.051825,74.57974404899703,9,Group_9_12
3000,227209,223376.57,56.69490818194444,55.29229472777777,1.798797745687891,0.023873785809541,2.0459526103563466,-4.602,4.6,9.202,3.7384789202892494,0.30554949685783617,2.915,4.607,1.6920000000000002,33.98824257903516,2.0511269087004544,28.2118,40.88496,12.67316,RW10,1.4752597222222221,2.051825,71.89988045872441,10,Group_9_12
3000,241345,237526.78999999998,60.14971494444442,58.69222237222223,1.7945232136567986,0.022564581822701955,2.0197515845442364,-4.616,4.609,9.225,3.7478110257100834,0.3052809965727105,3.033,4.385,1.3519999999999999,34.20407147622698,2.230267531509604,27.48078,40.63974,13.158960000000004,RW10,1.437440277777778,2.051825,70.05667041671575,11,Group_9_12
3000,221124,217278.33,53.02405606666661,51.69057821944449,1.7294368227781698,0.02219928185090719,1.9691874291983877,-4.597,4.617,9.214,3.7428667354063783,0.3066736889467202,2.932,4.418,1.4860000000000002,34.26528474159295,1.9853895960027954,28.46066,40.76235,12.301689999999997,RW10,1.4056875000000002,2.051825,68.50913211409356,12,Group_9_12
881,75067,73929.68,18.720047495833334,17.329960518055557,1.7491459496183408,0.0659962833202339,1.9580871328322407,-4.509,4.611,9.120000000000001,3.7504014813433337,0.308110242379088,3.071,4.38,1.3089999999999997,33.982785756191134,2.2291798509310805,27.5741,41.46737,13.893270000000001,RW10,1.501915277777778,2.051825,73.19899493269543,13,Group_9_12
3000,232389,228551.99,53.654092812500025,52.37063612777778,1.6649879469338047,0.022250751971909174,1.8905670763286608,-4.619,4.616,9.235,3.7377042889293386,0.29753394962206076,2.903,4.388,1.4849999999999999,34.27945902689026,1.727081382333621,28.19625,41.45205,13.2558,RW10,1.3881461263888892,2.051825,67.65421643604543,14,Group_9_12
3000,213547,209784.32,49.099064705555584,47.622345388888895,1.655097266643877,0.026077388115965102,1.8797033186883267,-4.614,4.62,9.234,3.7423191990521993,0.3061652122817914,2.886,4.394,1.508,34.30911410284387,1.8812819718482745,27.18526,40.91562,13.730359999999997,RW10,1.355251388888889,2.051825,66.0510223283608,15,Group_9_12
3000,214221,210434.38,46.62261040277779,45.40023316666667,1.5708785926683193,0.021086592817697626,1.780336889081693,-4.616,4.616,9.232,3.7379412382539527,0.30368911793647346,2.877,4.481,1.604,33.73175911222523,1.682332771400321,28.28957,40.19527,11.9057,RW10,1.3205097222222222,2.051825,64.3578142493742,16,Group_9_12
3000,214994,211170.47999999998,47.380230513888876,46.13934336111116,1.5902566955356896,0.020660883559541193,1.7930089753998026,-4.616,4.616,9.232,3.7450890629505937,0.31032212925435787,2.945,4.557,1.6120000000000005,33.94249410876583,1.82500324038088,26.20539,39.24134,13.03595,RW10,1.3013096750000002,2.051825,63.42205962984174,17,Group_9_12
3000,200711,196908.97999999998,42.62640034027778,41.41523650416672,1.533604486052085,0.0212244969134726,1.7464175973713152,-4.614,4.617,9.231,3.7471345118105135,0.30603348735256186,2.909,4.637,1.7279999999999998,33.63607410131981,1.6361225696740802,25.24106,38.24024,12.999179999999999,RW10,1.2802388888888891,2.051825,62.39513062219678,18,Group_9_12
3000,198307,194510.84999999998,41.06422044722222,39.75239964027775,1.494270172006031,0.023499104923174675,1.705859362162305,-4.621,4.622,9.243,3.7479240974852126,0.3020393010210259,2.934,4.634,1.7000000000000002,33.49771333094647,1.7320781830808527,27.15416,39.13353,11.97937,RW10,1.2783694444444447,2.051825,62.3040193215525,19,Group_9_12
3000,186766,182958.09,37.78339213472223,36.68298263055556,1.4640011993617685,0.022094460447833114,1.6813646359329752,-4.616,4.619,9.235,3.7410430110405533,0.3020423022285152,2.901,4.45,1.5490000000000004,33.16401382285855,1.5892676540437944,27.60521,38.77929,11.174080000000004,RW10,1.2669418722222225,2.051825,61.747072592556506,20,Group_9_12
3000,190299,186492.38999999998,38.90077755555556,37.655322970833375,1.4761227699567525,0.023962989821281245,1.6905967654721548,-4.618,4.618,9.236,3.732422761023442,0.3057363659355601,2.905,4.421,1.5160000000000005,33.217992706740446,1.6466741259462834,27.55855,39.05652,11.497969999999999,RW10,1.253102777777778,2.051825,61.072595264107704,21,Group_9_12
3000,195109,191260.53,38.18675401805559,36.76486509444443,1.4100369434521218,0.02619829941212347,1.607191869279101,-4.62,4.614,9.234,3.7436780312543245,0.2992043925443448,2.906,4.472,1.5660000000000003,32.42899004802444,1.5463616286136057,25.33439,37.08513,11.75074,RW10,1.2308891194444447,2.051825,59.98996597879666,22,Group_9_12
3000,199277,195462.86000000002,38.42162189444442,37.293117926388874,1.3943998755501137,0.019759721392835095,1.582991104900774,-4.616,4.617,9.233,3.7584715546701326,0.29972116325713294,2.926,4.46,1.5339999999999998,32.18180153519975,1.618077782848525,26.64089,37.19294,10.552050000000001,RW10,1.2171694444444445,2.051825,59.32130880774162,23,Group_9_12
3000,179492,175634.43,35.466861895833325,34.580393473611096,1.434684543043701,0.018853363938225662,1.6338604394804657,-4.615,4.617,9.232,3.7508099023911927,0.31090054902906983,2.859,4.457,1.5979999999999999,32.606725466817466,1.6061828750197356,27.06083,37.67039,10.609559999999998,RW10,1.1931263888888886,2.051825,58.1495200072564,24,Group_9_12
3000,177504,173684.78000000003,33.5776337138889,32.37475370555555,1.367764732062376,0.025009368802956553,1.5531407029832685,-4.616,4.62,9.236,3.746400509284298,0.30647906479360454,2.868,4.516,1.6480000000000001,31.952091324533534,1.323255724257165,26.53201,35.88382,9.35181,RW10,1.1649416666666668,2.051825,56.77587838469005,25,Group_9_12
3000,174656,170842.89,33.15666676805555,31.963818041666684,1.3728305297270063,0.024613314171857813,1.5578683407956333,-4.616,4.619,9.235,3.741342215555149,0.30687419513745706,2.89,4.463,1.573,32.13730172848342,1.3584261646142108,26.59422,37.96301,11.368789999999997,RW10,1.1490962375000002,2.051825,56.00361812045375,26,Group_9_12
3000,171596,167802.53,32.52111031527773,31.41464451388887,1.3716457959392994,0.025093766754469796,1.5575318436078216,-4.613,4.616,9.229,3.7354154991957853,0.3095097853005267,2.844,4.457,1.613,33.96176570601878,1.5018287834978719,27.3408,39.37995,12.03915,RW10,1.1524236111111112,2.051825,56.16578466053934,27,Group_9_12
3000,173544,169730.32,31.947373697222194,30.919290086111126,1.3351857223528327,0.02204474369612318,1.5193611724475216,-4.619,4.616,9.235,3.739676808186973,0.3059495975323741,2.868,4.457,1.589,34.461984058855386,1.6165972670383841,28.98948,40.31789,11.328409999999998,RW10,1.1604458333333334,2.051825,56.556764506394714,28,Group_9_12
3000,172119,168275.66,32.513673106944445,31.51057343472221,1.3705532625683392,0.021461331985428694,1.564091166156596,-4.613,4.617,9.23,3.729580708695728,0.3086993300545724,2.853,4.492,1.6389999999999998,36.524747018051464,1.9498977584532666,29.12946,42.90807,13.77861,RW10,1.1498736291666667,2.051825,56.041505935772626,29,Group_9_12
3000,175774,172041.98,33.179062873611116,31.883848527777758,1.3624926837871356,0.02576081217927566,1.5482694759474065,-4.612,4.616,9.228,3.7473203033440665,0.30749336025030855,2.85,4.445,1.5950000000000002,37.13192236724431,1.4560508036528634,31.83323,42.29501,10.461779999999997,RW10,1.1168388888888892,2.051825,54.43148849872134,30,Group_9_12
1049,56350,54993.64,11.054327251388887,10.00519539722222,1.3791222005323867,0.06833937888198757,1.5730519904003626,-4.609,4.616,9.225,3.7527765572315883,0.311563051756359,2.841,4.657,1.8159999999999998,37.318529127950306,1.7579430360650463,32.12586,42.0038,9.877939999999995,RW10,1.1628023388888888,2.051825,56.671613753068065,31,Group_9_12
3000,166192,162350.89999999997,30.478607462500005,29.4367632611111,1.3305170345142967,0.023184792288437478,1.5291184188330242,-4.617,4.62,9.237,3.741398551073457,0.30456967558642384,2.838,4.468,1.63,39.54029867021277,1.670292581687223,33.34258,45.63619,12.293610000000001,RW10,1.0937361111111112,2.051825,53.30552611022438,32,Group_9_12
3000,159656,155895.16,28.118417051388864,26.867425855555574,1.2739302061933155,0.02800029438292328,1.4565322469548916,-4.618,4.619,9.237,3.744764224332315,0.30806566950907244,2.907,4.47,1.5629999999999997,38.16105920942527,2.0769237682232657,31.92564,44.1955,12.269860000000001,RW10,1.0470763680555555,2.051825,51.031465551670124,33,Group_9_12
3000,152072,148290.78,26.91430993750002,25.68371523194447,1.2811562023252143,0.029304027039823235,1.4667941068182027,-4.613,4.612,9.225000000000001,3.7356863130622338,0.3102019579713935,2.814,4.466,1.6520000000000001,40.12335533832658,1.3654946937552943,35.7298,45.08443,9.35463,RW10,0.9664236972222223,2.051825,47.10068827615524,34,Group_9_12
3000,143276,139530.09999999998,23.828740068055573,22.71157682222222,1.2077864471369943,0.028396011893129337,1.377422400682527,-4.619,4.618,9.237,3.7418662790697668,0.31290730293053015,2.845,4.475,1.6299999999999994,36.13970229347553,1.1928292313504436,31.37119,40.11864,8.74745,RW10,0.9389805555555557,2.051825,45.76318913920806,35,Group_9_12
3000,137136,133273.86,22.83493150277777,21.71078474583333,1.2102242226694668,0.028612042060436355,1.3853978598937915,-4.614,4.62,9.234,3.7381646905261934,0.31809947234745156,2.841,4.477,1.6360000000000001,36.719240054908994,1.1213925077358604,32.71111,40.93095,8.219840000000005,RW10,0.881451388888889,2.051825,42.959384396275944,36,Group_9_12
3000,126665,123019.96999999999,20.387939831944454,19.32320516805556,1.1719693601231596,0.0291143172936486,1.3441223346895705,-4.618,4.62,9.238,3.7400865274543085,0.31693938935693555,2.863,4.49,1.6270000000000002,36.05403120048948,1.1626322242612175,31.14017,39.74958,8.60941,RW10,0.85215,2.051825,41.53131967882251,37,Group_9_12
3000,133307,129513.71,21.60025961805553,20.574364806944438,1.1800176134786622,0.028308325894364134,1.346559456790574,-4.614,4.613,9.227,3.7403672650348443,0.32143483850654136,2.78,4.491,1.7109999999999999,36.811909090670405,1.141118749647938,33.18856,41.34476,8.156199999999998,RW10,0.8420416666666668,2.051825,41.03866882734477,38,Group_9_12
3000,360593,356735.81999999995,113.42747129305558,111.91928459722223,2.2630170302806767,0.014762394167385399,2.572264860529384,-4.612,4.611,9.222999999999999,3.7477330369696586,0.27965097675101486,3.011,4.363,1.3520000000000003,26.769716757701897,2.6367304512999126,19.63843,38.71558,19.077150000000003,RW11,2.0554013486111113,2.0554013486111113,100.0,1,Group_9_12
3000,350150,346358.15,111.18761364166659,109.19790459722216,2.279860085677567,0.0206596458660574,2.5706586662535336,-4.61,4.608,9.218,3.739600945309153,0.2856801171644639,2.956,4.31,1.3539999999999996,27.17547309318863,2.530738969212608,19.40264,34.64679,15.244150000000001,RW11,2.020101388888889,2.0554013486111113,98.28257582169655,2,Group_9_12
3000,336282,332446.76,104.06668814722218,102.65645819583324,2.2278585710802243,0.014537685632891444,2.504346188231183,-4.613,4.609,9.222000000000001,3.746710933085922,0.29079964201062025,2.957,4.549,1.5920000000000005,26.81920756811248,2.3693273639230465,19.26116,35.97223,16.711070000000003,RW11,1.9531111111111112,2.0554013486111113,95.0233448290223,3,Group_9_12
3000,316587,312716.46,95.50891770833329,93.95586821249998,2.1706176532833,0.01852276625382596,2.453527708368964,-4.612,4.608,9.219999999999999,3.737696048795433,0.29302682363294313,3.05,4.491,1.4409999999999998,27.01642072444541,2.4227078354010936,19.76419,35.77187,16.00768,RW11,1.9033434444444446,2.0554013486111113,92.6020334534948,4,Group_9_12
3000,307503,303593.1,86.52957889027772,84.86303369444444,2.0228931425059264,0.01966582439846116,2.296582302285662,-4.61,4.609,9.219000000000001,3.7369315388792956,0.29043284647630724,2.947,4.309,1.362,26.189554943886726,2.3312998207736904,19.60699,34.23066,14.62367,RW11,1.7676819444444447,2.0554013486111113,86.00178965723234,5,Group_9_12
3000,278603,274707.24,73.45988877499995,71.6273929819444,1.8933671389037452,0.024514125834969484,2.163696830595277,-4.609,4.609,9.218,3.737781994450885,0.28876842479752046,3.068,4.509,1.4410000000000003,25.405220253873793,2.050275552901113,18.75814,33.16723,14.409090000000003,RW11,1.6879097222222224,2.0554013486111113,82.12068768772518,6,Group_9_12
3000,254687,250846.48,66.79019879027787,65.33104799444453,1.8883044246467233,0.020948140266287642,2.139660821701062,-4.61,4.609,9.219000000000001,3.743005803201577,0.2971096846051226,2.949,4.449,1.5,25.90041701417819,1.9870315001262515,19.71703,32.47368,12.75665,RW11,1.5681741500000004,2.0554013486111113,76.29527688398457,7,Group_9_12
3000,267506,263604.12,68.66956236666672,67.49453458194454,1.8516800034391754,0.01523447324545992,2.0847813527135326,-4.612,4.608,9.219999999999999,3.754276341465238,0.29947186875270704,3.053,4.385,1.3319999999999999,25.71997311290214,2.0825096189061223,19.65415,33.09017,13.43602,RW11,1.5087430555555557,2.0554013486111113,73.403817535444,8,Group_9_12
3000,258842,255009.96,62.45501627083337,60.96867031527781,1.7360780205685322,0.021733184722726617,1.9639961373633015,-4.606,4.658,9.264,3.7415711476499176,0.29924110535694154,2.965,4.596,1.6310000000000002,25.31647699241236,1.7967564430539622,19.27688,32.44286,13.165980000000005,RW11,1.4472583333333333,2.0554013486111113,70.4124444752011,9,Group_9_12
3000,238543,234722.59,56.731603466666634,55.59839454166669,1.7169694813932916,0.018079553791140377,1.9422310242632963,-4.615,4.609,9.224,3.742349404509879,0.29874607935552444,2.912,4.533,1.6210000000000004,25.08304289712966,1.7249944107312154,18.91533,30.42388,11.50855,RW11,1.419162536111111,2.0554013486111113,69.04551936146565,10,Group_9_12
3000,231320,227485.57,52.94529104861106,51.51157544027776,1.6481180702057756,0.024223811170672665,1.8771829965961961,-4.616,4.61,9.225999999999999,3.7403123681480204,0.29735695638670184,2.905,4.428,1.5230000000000001,24.920771321545914,1.8445796022329939,18.85246,31.84179,12.989329999999999,RW11,1.3713458333333335,2.0554013486111113,66.71912686347062,11,Group_9_12
3000,227234,223425.63999999998,50.99221266666665,49.91233675972221,1.6209439168434299,0.017668201061460876,1.8464903623006426,-4.617,4.61,9.227,3.7446280662224845,0.30158193501253056,2.893,4.613,1.7200000000000006,24.972012629140007,1.876251820098087,19.08825,31.37943,12.29118,RW11,1.3448896722222226,2.0554013486111113,65.43197381528428,12,Group_9_12
255,21148,20829.789999999997,4.915203866666668,3.8506603305555567,1.511998770569321,0.18216947229052394,1.750031773855829,-4.507,4.505,9.012,3.7622235199546057,0.2818447473767247,3.008,4.477,1.4690000000000003,24.52558543219217,1.6780377642454711,18.77386,30.84,12.06614,RW11,1.459188888888889,2.0554013486111113,70.99289342565146,13,Group_9_12
3000,228653,224850.01,53.48209573888886,52.12077447222225,1.6853042951546666,0.022041438336693607,1.901557410631815,-4.611,4.61,9.221,3.743382164240137,0.30529971084556795,2.895,4.434,1.5390000000000001,25.259860318648784,1.8746122899183422,19.00965,32.11921,13.109560000000002,RW11,1.334738888888889,2.0554013486111113,64.93811487429484,14,Group_9_12
3000,213068,209263.22000000003,48.013574313888824,46.68952465138892,1.6250549449002198,0.02313109899187115,1.850393043649004,-4.612,4.61,9.222000000000001,3.734801650177408,0.30450139976992263,2.878,4.619,1.7409999999999997,25.211425797351083,1.7461463265478656,18.89961,32.04214,13.142530000000004,RW11,1.3048805555555554,2.0554013486111113,63.485438327521656,15,Group_9_12
3000,205484,201675.45,45.22032733333327,43.91218715277785,1.5876717165326741,0.02322143329894298,1.7972700028429485,-4.608,4.61,9.218,3.7371466488875043,0.3101479529276867,2.93,4.555,1.6249999999999996,24.914235722051348,1.663416844719556,19.19829,30.68588,11.48759,RW11,1.2738194444444446,2.0554013486111113,61.97424387724557,16,Group_9_12
3000,205181,201372.82,44.135437322222245,42.786852022222206,1.5508334446171919,0.02417322754056175,1.7624105472271399,-4.612,4.609,9.221,3.7443260584557048,0.30468225904205465,2.909,4.632,1.7229999999999999,24.793203599651036,1.7094900713050627,19.16685,32.10379,12.936939999999996,RW11,1.2743263888888892,2.0554013486111113,61.99890788969196,17,Group_9_12
3000,194996,191187.47,40.193522215277774,39.10443046249997,1.4912706158075033,0.020468178834437637,1.706638613116247,-4.612,4.609,9.221,3.734496081970912,0.3006561556509051,2.933,4.64,1.7069999999999999,24.398263298375348,1.5826036321709989,18.93105,31.37943,12.44838,RW11,1.2842541666666665,2.0554013486111113,62.48191709781989,18,Group_9_12
3000,205561,201709.28999999998,42.68937596944451,41.31423446666666,1.4975230904694958,0.023918019468673543,1.7175888324023765,-4.611,4.612,9.222999999999999,3.7518681072771587,0.30012057366326766,2.974,4.415,1.4409999999999998,24.598080721634943,1.7461913674176952,19.27688,30.31599,11.03911,RW11,1.2846700833333333,2.0554013486111113,62.50215239964781,19,Group_9_12
3000,202664,198903.22,41.5687332222222,40.23077115833329,1.4786196759167884,0.023571912130422777,1.6920588777626802,-4.612,4.61,9.222000000000001,3.744070727904315,0.30269432648876726,2.903,4.643,1.7399999999999998,24.193843152903327,1.665825651374454,18.14507,29.89888,11.753809999999998,RW11,1.2852097222222223,2.0554013486111113,62.528407071965404,20,Group_9_12
3000,193509,189629.43,39.49950901944448,38.42269320694444,1.477233880594701,0.02094281402932165,1.6814489913173096,-4.612,4.61,9.222000000000001,3.739499454805719,0.30167933487814536,2.952,4.425,1.4729999999999999,24.025722252401696,1.661485896811264,18.31799,29.78993,11.471939999999996,RW11,1.2862387361111112,2.0554013486111113,62.57847096287333,21,Group_9_12
3000,188716,184860.87,37.76133802916668,36.404731994444475,1.4435137561203077,0.027803673244451987,1.658507033942393,-4.608,4.61,9.218,3.7283485713982922,0.30011647385024603,2.891,4.451,1.5599999999999996,23.88538657458827,1.6268815077081262,17.97216,29.57203,11.599870000000003,RW11,1.286556944444445,2.0554013486111113,62.59395252969962,22,Group_9_12
3000,191005,187159.71000000002,38.708885908333336,37.34576294583332,1.4613396507944818,0.02522877411586085,1.664581946763808,-4.61,4.61,9.22,3.737776429936389,0.30725121717782145,2.857,4.425,1.5679999999999996,23.637052478573864,1.6954191937389995,18.33371,30.0694,11.735690000000002,RW11,1.2712620944444446,2.0554013486111113,61.8498229216143,23,Group_9_12
3000,186549,182757.8,37.6545062444444,36.56750151944444,1.4612588006368301,0.022079228513688095,1.657387950425004,-4.609,4.608,9.216999999999999,3.739501074784641,0.3031233704894188,2.89,4.44,1.5500000000000003,23.802775063817013,1.5346589482032011,17.78353,28.57591,10.792380000000001,RW11,1.2753694444444443,2.0554013486111113,62.049654939958316,24,Group_9_12
3000,185611,181784.65999999997,37.43127334861113,36.48406297083333,1.462516785104331,0.018713389831421633,1.667054093710823,-4.612,4.61,9.222000000000001,3.7433614602582823,0.3083892333767577,2.891,4.446,1.5549999999999997,23.62843300553308,1.6457510170711196,17.2805,29.72767,12.44717,RW11,1.2606959736111112,2.0554013486111113,61.33575685658651,25,Group_9_12
3000,167413,163614.86,33.08127195138886,31.747750287500004,1.4271109770447934,0.028090685908501747,1.6280764077413898,-4.613,4.61,9.223,3.7247198007323203,0.3084842173151976,2.858,4.453,1.5950000000000002,23.663109394431732,1.5625926241261712,18.05076,28.76268,10.71192,RW11,1.2545513888888888,2.0554013486111113,61.036808686372716,26,Group_9_12
3000,183986,180167.89,37.20506207500005,35.89430874583336,1.459675578576631,0.024555939038839916,1.6568938241329731,-4.609,4.609,9.218,3.73475069298751,0.3106090142153116,2.896,4.643,1.7469999999999999,25.474517558944704,1.5541947643615723,19.18257,30.20811,11.025540000000003,RW11,1.2624222222222223,2.0554013486111113,61.41974281934155,27,Group_9_12
3000,188967,185172.63,37.18793028611109,36.10574906666667,1.4240465107664302,0.02067349854736542,1.6134464938733664,-4.608,4.609,9.216999999999999,3.7420560574068493,0.30751154033190037,2.898,4.445,1.5470000000000002,26.032661489942686,1.9941140969317088,19.60699,31.56437,11.95738,RW11,1.2337805555555557,2.0554013486111113,60.02625990243966,28,Group_9_12
3000,181452,177579.58000000002,34.797309720833304,33.592263118055534,1.3865026067499946,0.02515840552873488,1.5863763774021076,-4.61,4.609,9.219000000000001,3.7365885578555207,0.2989689766515703,2.948,4.457,1.509,27.631662286665343,1.5167033023058938,20.52917,32.19627,11.667099999999998,RW11,1.2364500000000003,2.0554013486111113,60.15613451044498,29,Group_9_12
3000,173462,169670.03999999998,32.4761425625,31.28317644166667,1.3552406694261567,0.024230615350912588,1.541151196621498,-4.609,4.609,9.218,3.744449095479125,0.3004683274961373,2.923,4.49,1.5670000000000002,27.47267159550795,1.517456006764033,22.81712,33.53712,10.720000000000002,RW11,1.176438888888889,2.0554013486111113,57.236456017888656,30,Group_9_12
231,16370,16078.919999999998,3.882478329166667,2.7560693194444443,1.4828085522296885,0.24925302382406844,1.6438183289876218,-4.509,4.605,9.114,3.722328527794746,0.3118288094852951,3.074,4.648,1.5739999999999998,28.35904694807575,1.904773872880677,22.24124,31.90344,9.662199999999999,RW11,1.2309736111111111,2.0554013486111113,59.88969560338726,31,Group_9_12
3000,174593,170818.47999999998,33.78625088472218,32.445238855555544,1.3963310499275459,0.027707542684987378,1.5820504235411645,-4.605,4.616,9.221,3.7312772791578133,0.31083102779732913,2.853,4.548,1.6949999999999998,30.405487772762942,1.6143127548767398,25.1362,36.26506,11.12886,RW11,1.1346875,2.0554013486111113,55.20515498185978,32,Group_9_12
3000,164567,160786.18,30.693921306944418,29.809939338888856,1.356828817442136,0.020455218847034936,1.5344307391795493,-4.511,4.607,9.118,3.738864985082064,0.3129696889228947,2.823,4.484,1.661,29.606410858981448,1.5997002447781505,22.11673,33.56794,11.45121,RW11,1.1010854986111112,2.0554013486111113,53.5703403792716,33,Group_9_12
3000,158578,154768.91,28.729431374999923,27.580725912500007,1.3129694787423223,0.026815775202108746,1.494299428165801,-4.61,4.609,9.219000000000001,3.7386691974927166,0.31241682432810564,2.827,4.549,1.7220000000000004,30.06148400660873,1.6247059156634858,25.49418,34.58514,9.090960000000003,RW11,1.0123576319444447,2.0554013486111113,49.25352572277533,34,Group_9_12
3000,157274,153540.52999999997,26.699257320833343,25.588219694444437,1.2303639253786385,0.025424545697318054,1.3927964248429319,-4.609,4.609,9.218,3.73685088444371,0.3145219011920724,2.846,4.493,1.6470000000000002,26.86687234221804,1.2569381138768065,22.0856,31.30237,9.21677,RW11,0.987649763888889,2.0554013486111113,48.05143115023593,35,Group_9_12
3000,149632,145831.3,25.068095859722238,24.14370273333331,1.2203366726368692,0.022946181298118054,1.383475732159019,-4.611,4.605,9.216000000000001,3.7422963871364416,0.3160139448170837,2.822,4.504,1.6819999999999995,27.2374815904352,1.2136600202234402,22.03891,33.15181,11.112899999999996,RW11,0.6929597222222221,2.0554013486111113,33.71408327091316,36,Group_9_12
3000,137566,133872.55,22.55831876944444,21.42229732222224,1.1914940683017605,0.028709790209790212,1.350838379645125,-4.612,4.606,9.218,3.7343769536077227,0.31937174732489376,2.785,4.514,1.729,26.637820705915704,1.2349998977165473,21.74319,30.17728,8.434090000000001,RW11,0.8116316486111113,2.0554013486111113,39.487745260046275,37,Group_9_12
3000,143358,139567.47999999998,23.056276841666673,22.271656577777783,1.1767357245497285,0.01855515562438092,1.3344391081404279,-4.608,4.608,9.216,3.7342515660095703,0.31589485681999,2.784,4.509,1.7250000000000005,27.199897539795476,0.9843840957868688,23.87549,29.88331,6.007820000000002,RW11,0.9499597222222224,2.0554013486111113,46.2177239916737,38,Group_9_12
3000,294550,290833.2,81.81763844583337,80.28986096805556,1.9979290239348158,0.019294313359361742,2.2623290139425665,-4.619,4.615,9.234,3.7246858903411977,0.30176963684822783,2.842,4.582,1.7399999999999998,27.509211147377354,2.7032477343103936,20.04748,38.70691,18.65943,RW12,2.071659876388889,2.071659876388889,100.0,1,Group_9_12
3000,267907,264220.18,70.36670194027774,68.48327601527778,1.8841872104872213,0.024962307815771908,2.1175620613878197,-4.612,4.612,9.224,3.719664357407608,0.30510837568014376,2.832,4.728,1.896,27.255905209680975,2.5488214581527355,19.76538,38.49144,18.726059999999997,RW12,2.0514314000000002,2.071659876388889,99.02356189742164,2,Group_9_12
3000,251678,248007.82,62.47060457499993,60.651013108333416,1.7815577324994636,0.025842723638935472,2.013749081732319,-4.614,4.616,9.23,3.7189849808088113,0.3003348725762453,2.86,4.464,1.6040000000000005,26.775473762943125,2.6671253928835217,20.20291,37.86038,17.65747,RW12,2.0253552875000005,2.071659876388889,97.76485563983591,3,Group_9_12
3000,257630,253919.62,66.05966989166666,64.3074578305556,1.8414314753716572,0.024848328998951986,2.0833921231951975,-4.616,4.617,9.233,3.7290236773667664,0.3128012027672182,2.786,4.471,1.685,27.024291306447232,2.7753304106423333,19.24733,36.90611,17.658779999999997,RW12,2.0086594819444445,2.071659876388889,96.9589412257064,4,Group_9_12
3000,235064,231411.04,57.689443511111115,55.862844541666654,1.7610372877173879,0.027967238709457855,2.0006155766246927,-4.615,4.619,9.234,3.7220431797297757,0.31790317141127594,2.751,4.492,1.741,27.323035390063986,2.7509760587555587,19.60839,36.90611,17.297719999999998,RW12,1.971897263888889,2.071659876388889,95.1844116094049,5,Group_9_12
3000,268650,264857.64,70.6364585611111,68.7160439444445,1.8868227433463616,0.026417539549599852,2.1335572328326218,-4.616,4.615,9.231,3.7197725888702773,0.30667485380123477,2.905,4.458,1.5530000000000004,26.7808924694584,2.555693770685495,19.82817,36.81376,16.985590000000002,RW12,1.9190721722222224,2.071659876388889,92.63451950265879,6,Group_9_12
3000,289049,285289.57,74.17769031944442,73.00071377499992,1.8496899141668022,0.014952233012395821,2.0875571750315998,-4.614,4.617,9.231,3.735932980221347,0.29714574659276516,2.869,4.616,1.7469999999999994,26.089284294773552,2.4564902415759846,18.85486,36.29045,17.43559,RW12,1.8744847222222223,2.071659876388889,90.48226224710386,7,Group_9_12
3000,278580,274728.77,72.4867005861111,71.30653963333333,1.8759793703783472,0.01619639241869481,2.1202881231737454,-4.613,4.613,9.226,3.7320867614329813,0.2988948441733577,2.888,4.635,1.7469999999999999,26.342753348984132,2.289931142215743,19.34152,35.90567,16.56415,RW12,1.8370777777777776,2.071659876388889,88.6766113837175,8,Group_9_12
3000,256985,253159.06,63.93864437777777,62.16101206388883,1.7864028678716657,0.026335611027881005,2.0279411954458966,-4.613,4.62,9.233,3.7266810280755682,0.29701139637436325,2.88,4.348,1.468,26.094642232270367,2.3443460568640115,19.5456,35.52088,15.975279999999998,RW12,1.795090277777778,2.071659876388889,86.64985494176777,9,Group_9_12
3000,242464,238753.05,58.62944308333335,56.92821712361114,1.7369719174805331,0.02657627111653689,1.9606274522411058,-4.608,4.618,9.225999999999999,3.730643712056223,0.3034341953936876,2.818,4.671,1.8530000000000002,26.067908010673747,2.3077501037072548,18.77637,35.72097,16.9446,RW12,1.7681083333333334,2.071659876388889,85.34742374869583,10,Group_9_12
3000,253973,250187.58000000002,61.23584102499992,60.03610846527779,1.738668137951672,0.016533942584447948,1.96787910713271,-4.613,4.617,9.23,3.7413217428624304,0.3017512520584958,2.965,4.498,1.5330000000000004,25.753546628460505,2.1796755578443032,19.12174,33.79704,14.675300000000004,RW12,1.7446430555555557,2.071659876388889,84.21474371539423,11,Group_9_12
3000,238930,235146.13,57.27313025277779,55.67841684444445,1.72380829531662,0.023061398736031476,1.9531945082559168,-4.51,4.617,9.126999999999999,3.734634612648056,0.3005540515901115,2.89,4.408,1.5180000000000002,25.756740234043445,2.4822641995299355,19.26303,37.41403,18.150999999999996,RW12,1.7223583333333332,2.071659876388889,83.13904965594915,12,Group_9_12
3000,246833,243033.09,57.80622085416668,56.478263936111105,1.6872788808627697,0.019930657570098025,1.9070353467933596,-4.619,4.616,9.235,3.73948339160485,0.2990788605581426,2.794,4.637,1.8429999999999995,25.52583942519841,2.1934116486989645,19.01185,35.38236,16.37051,RW12,1.6995166666666668,2.071659876388889,82.03647162530825,13,Group_9_12
369,26873,26420.73,7.251774830555555,5.554413476388889,1.7387248911546906,0.22996204368697207,1.9697283855263603,-4.508,4.611,9.119,3.6994006623748747,0.3175013913661657,2.824,4.488,1.6640000000000006,26.292965442265473,2.9897311762225898,18.83916,38.75309,19.91393,RW12,1.7448430555555556,2.071659876388889,84.22439780978874,14,Group_9_12
3000,195458,191844.69,38.60699973194442,36.81462752083334,1.4157071135486905,0.03333194343541835,1.616063852046687,-4.509,4.617,9.126000000000001,3.7289311309846616,0.3051572463010514,2.761,4.476,1.7149999999999999,24.993396038330484,2.171364973336148,19.16883,32.53494,13.366109999999999,RW12,1.7153117083333334,2.071659876388889,82.7989057413852,15,Group_9_12
3000,208677,205034.45,46.53853914861112,44.820758194444416,1.601044135194583,0.03026490221730233,1.802509449867147,-4.611,4.613,9.224,3.730118451003225,0.3138871056331788,2.736,4.7,1.964,25.789402606180843,2.1006658967327296,19.45141,33.62774,14.176330000000004,RW12,1.6877161722222223,2.071659876388889,81.46685618896481,16,Group_9_12
3000,224405,220710.93,48.93464171388885,47.45975071250001,1.5691833292484572,0.02351416857913149,1.7737384404233112,-4.611,4.613,9.224,3.7413123326129094,0.3053301593803351,2.858,4.557,1.6990000000000003,25.27275977589626,2.3481952035416946,19.09034,35.1361,16.045759999999998,RW12,1.6647,2.071659876388889,80.35585469279538,17,Group_9_12
3000,238734,234984.89,56.52298300972223,55.243582727777756,1.7070518191795052,0.018316884063434607,1.9470498968796706,-4.611,4.616,9.227,3.74544534921712,0.29696618458301255,2.881,4.424,1.5430000000000006,25.407492933976727,2.0272018522054953,19.4985,33.73547,14.23697,RW12,1.631677777777778,2.071659876388889,78.76185644054449,18,Group_9_12
3000,208857,205195.21000000002,43.958873968055556,42.34583831111113,1.5124621966225693,0.028825421221218353,1.7070981296482899,-4.608,4.616,9.224,3.7342320199945416,0.3040287053261275,2.735,4.527,1.7920000000000003,24.82945065068444,1.9154130277834012,19.09034,32.31946,13.229119999999998,RW12,1.6102069444444445,2.071659876388889,77.72544918189934,19,Group_9_12
3000,210155,206366.40999999997,44.31771235277781,42.81686505833334,1.5182323380362113,0.025960919321453214,1.7187626436883556,-4.51,4.613,9.123000000000001,3.729630601222907,0.3029611245730424,2.735,4.519,1.7840000000000003,25.074499040089457,1.8923089134653381,19.577,32.45798,12.880979999999997,RW12,1.5832055555555558,2.071659876388889,76.42207939631683,20,Group_9_12
3000,204408,200699.78999999998,41.868746794444476,40.459794280555535,1.475817976791515,0.02522718778130015,1.6610673918778849,-4.609,4.509,9.118,3.7325015948495164,0.3048618452102266,2.665,4.577,1.912,24.397896846405228,1.8875531941080042,18.28972,32.11937,13.829650000000004,RW12,1.5630524583333332,2.071659876388889,75.44927988169034,21,Group_9_12
3000,189631,185948.06999999998,38.34648517222221,37.04907723055555,1.459621949997627,0.024420722350248652,1.6449647611376077,-4.613,4.615,9.228000000000002,3.7385135552731357,0.30186184363582375,2.679,4.597,1.9180000000000006,24.35523068860049,1.7887981953669254,18.72927,31.18049,12.45122,RW12,1.5384986111111112,2.071659876388889,74.26405408753047,22,Group_9_12
3000,200885,197178.8,40.239640793055564,38.837810968055535,1.4428224855016554,0.024464688752271205,1.6290005874430757,-4.51,4.612,9.122,3.7351246235408317,0.3038954674084173,2.78,4.607,1.8270000000000004,23.9105444991413,1.84506778625322,17.67747,32.93512,15.257649999999998,RW12,1.5070394638888889,2.071659876388889,72.74550620325813,23,Group_9_12
3000,193585,189809.0,40.09718049444443,38.617160405555566,1.4914494873053181,0.02717350517860372,1.6951316228067363,-4.51,4.614,9.123999999999999,3.7255884598496785,0.30459600126896796,2.847,4.814,1.967,24.13553193537722,2.007851760244216,18.74497,32.93512,14.19015,RW12,1.4762992736111114,2.071659876388889,71.26166271002212,24,Group_9_12
3000,185485,181779.94,36.31259543194444,34.816170977777766,1.409694395773243,0.028722931773458773,1.5881421616382487,-4.612,4.613,9.225000000000001,3.7347322586732083,0.3095798699103933,2.695,4.626,1.9310000000000005,23.73955287322425,1.8329440450493921,17.56758,30.48787,12.920290000000001,RW12,1.4646527777777778,2.071659876388889,70.69948085932013,25,Group_9_12
3000,176356,172619.69,33.118206751388875,31.88262429861113,1.3577247045748373,0.025099480596067054,1.5337959895781714,-4.606,4.613,9.219000000000001,3.7208555025062937,0.302829212737478,2.732,4.577,1.8449999999999998,23.218567832736056,1.7094547443999508,18.21122,30.71875,12.50753,RW12,1.4421892347222223,2.071659876388889,69.61515503385155,26,Group_9_12
3000,184284,180628.13999999998,34.974659004166675,33.58299460694441,1.3678576110785527,0.02685778472357884,1.535312704920623,-4.612,4.611,9.222999999999999,3.7366213615940613,0.3057289906525798,2.648,4.601,1.9529999999999998,23.395221568285905,1.7125420716957371,18.16413,30.33396,12.169830000000001,RW12,1.4215238986111112,2.071659876388889,68.6176295062957,27,Group_9_12
3000,179871,176217.88999999998,34.21957498888888,32.73866000277777,1.36972595360008,0.0294953105281007,1.534006425273997,-4.586,4.51,9.096,3.7330577024645435,0.30590472897637977,2.612,4.638,2.026,25.07039927887208,1.7247884873353887,18.94905,31.53449,12.585440000000002,RW12,1.403921497222222,2.071659876388889,67.76795328340278,28,Group_9_12
3000,169680,166007.61,32.33629844861113,30.979633494444435,1.375751025459689,0.028787022630834526,1.5494394636807884,-4.613,4.59,9.203,3.7271547677982086,0.3088031235246095,2.737,4.601,1.8639999999999999,25.928308586044317,1.9366886752001786,20.73139,32.82738,12.095989999999997,RW12,1.3964433819444444,2.071659876388889,67.40698112947891,29,Group_9_12
3000,175325,171604.96,33.209098575000006,32.11558677083335,1.3718883159846,0.022814995009268504,1.5394725881881917,-4.611,4.616,9.227,3.7354304234992153,0.31165436447247835,2.677,4.66,1.983,27.643908871638388,1.955657653602058,22.0215,35.02835,13.006850000000004,RW12,1.360290277777778,2.071659876388889,65.66185372807917,30,Group_9_12
2865,161094,157606.96,29.853690512500002,28.34279548333336,1.3312722075310068,0.03270679851515265,1.4986359347188232,-4.51,4.584,9.094,3.7268949805703504,0.3091422442114283,2.652,4.613,1.9610000000000003,28.02702924938235,1.7143142871207635,22.4878,34.84366,12.35586,RW12,1.3833722222222227,2.071659876388889,66.77603008045796,31,Group_9_12
3000,175736,172122.28999999998,33.94652025,32.467017048611105,1.3903192800564483,0.030097379023080077,1.5660220532802789,-4.611,4.61,9.221,3.743183172486001,0.3166315535914223,2.627,4.604,1.9770000000000003,31.0576209234306,1.8274020449416766,25.09911,38.13743,13.038320000000002,RW12,1.2759763888888886,2.071659876388889,61.59198251756671,32,Group_9_12
3000,181293,177602.31,33.28039448333332,31.922754148611137,1.323478854671719,0.027763653312593426,1.4990180911310655,-4.606,4.51,9.116,3.726677494442698,0.30183656177076246,2.659,4.622,1.963,30.07683866966733,1.78779205481034,22.05259,37.2909,15.238310000000002,RW12,1.259698611111111,2.071659876388889,60.806246501568204,33,Group_9_12
3000,171379,167726.03,31.041370504166665,29.680344806944454,1.3063831157843142,0.02977490824430065,1.4747878938308818,-4.61,4.606,9.216000000000001,3.734349786146494,0.30672883074709334,2.605,4.634,2.0290000000000004,29.49035501018211,2.7651152880754784,23.35824,37.44482,14.086580000000001,RW12,1.1783684055555559,2.071659876388889,56.88039909377258,34,Group_9_12
3000,159166,155504.66,27.669523362499998,26.736284306944437,1.2647282962441728,0.02177216239649172,1.4250196762027234,-4.603,4.603,9.206,3.742833117625623,0.31055087049538227,2.698,4.686,1.988,27.38020226405137,1.476524312366941,22.86085,33.5046,10.643750000000004,RW12,1.1495333333333335,2.071659876388889,55.48851654824176,35,Group_9_12
3000,157534,153921.06999999998,26.588018586111083,25.437144893055542,1.2215259626493327,0.026062430967283248,1.3726416438945575,-4.585,4.61,9.195,3.7332412875950585,0.31381997233542896,2.588,4.699,2.1109999999999998,27.387438999263647,1.5137476794153693,23.10954,33.62774,10.518200000000004,RW12,1.1129051361111113,2.071659876388889,53.72045618081944,36,Group_9_12
3000,151583,147939.19,25.440450951388897,24.265430093055585,1.2156503367791904,0.027798717534288152,1.3718486919195483,-4.582,4.61,9.192,3.735925169709004,0.3126278012929579,2.6,4.706,2.1060000000000003,27.128134079019414,1.3855672253410989,22.19248,32.33485,10.142370000000003,RW12,1.0902035041666667,2.071659876388889,52.62463769231274,37,Group_9_12
3000,339219,335394.8,107.15398336805549,105.8125380097223,2.2746065992765736,0.014934399311359328,2.5827538587698435,-4.608,4.601,9.209,3.732128182678447,0.2871537521032364,2.945,4.288,1.3430000000000004,29.798449049787894,2.9306816374934743,21.23178,40.60717,19.375390000000003,RW9,2.044566863888889,2.044566863888889,100.0,1,Group_9_12
3000,337941,334143.69999999995,104.3912059125001,102.37675244861103,2.217048795499806,0.021441343311406433,2.491198847557761,-4.609,4.603,9.212,3.739467972220003,0.29132013927312683,2.994,4.501,1.5070000000000001,29.960153816612955,2.675825185261993,22.24652,40.2072,17.96068,RW9,1.980208266666667,2.044566863888889,96.85221362240958,2,Group_9_12
3000,309859,306032.19000000006,88.27749350416678,87.09873189722242,2.0535910107500506,0.014862634294953499,2.3223892167676765,-4.604,4.612,9.216000000000001,3.731411241887439,0.28998856643012166,3.0,4.315,1.3150000000000004,29.009291670275832,2.508904222978463,21.93429,38.72417,16.78988,RW9,1.9149111111111112,2.044566863888889,93.65852224900266,3,Group_9_12
3000,309847,305963.86,87.9845674666666,86.54624751666664,2.0440858165481672,0.017015055817871393,2.3165365610334634,-4.595,4.596,9.190999999999999,3.7434219856897117,0.28785779207764645,2.964,4.507,1.5429999999999997,29.62127902154935,2.517169857988794,22.12163,39.3889,17.26727,RW9,1.8548013888888895,2.044566863888889,90.71854883537269,4,Group_9_12
3000,286265,282405.01,76.29952096805559,74.99356343472225,1.9202192444064063,0.017543995947810583,2.1833314804136794,-4.603,4.61,9.213000000000001,3.7334908808272056,0.2886861064985998,2.95,4.354,1.404,28.650222124185632,2.4335814164687317,20.88832,37.39471,16.506390000000003,RW9,1.7674416666666668,2.044566863888889,86.44577479383024,5,Group_9_12
3000,283529,279706.19,76.04279598472225,74.47056606527782,1.929158223673769,0.020443094004493366,2.19510754768113,-4.602,4.601,9.203,3.744986854960163,0.2955937037709822,2.987,4.364,1.3769999999999998,35.37266556094791,2.555463047410939,28.03839,46.5914,18.55301,RW9,1.7142069444444445,2.044566863888889,83.84205841935244,6,Group_9_12
3000,271449,267585.97,71.33596957638885,69.87990171944445,1.8919078648291208,0.0194637593065364,2.1476044103729715,-4.612,4.593,9.205,3.7404156876614025,0.29748125221582816,2.966,4.452,1.4859999999999998,35.46839577765989,2.5549859017872163,28.4599,43.7762,15.316300000000002,RW9,1.6491486111111116,2.044566863888889,80.66004786824784,7,Group_9_12
3000,263519,259625.37,70.0019213069444,68.46391475972226,1.9118779822327803,0.021545019524208876,2.1711892315883676,-4.6,4.604,9.204,3.7495650901832507,0.29806951315397506,3.033,4.362,1.3290000000000002,35.85727927363872,2.2986406933232097,28.58479,43.33007,14.745279999999998,RW9,1.599201388888889,2.044566863888889,78.21712349612825,8,Group_9_12
3000,246319,242463.5,63.45901898194446,61.867143666666756,1.8536249051027327,0.023573954912126143,2.0942668952523142,-4.602,4.797,9.399000000000001,3.7398267571726094,0.3016146158600866,2.918,4.51,1.5919999999999996,35.21102990682814,2.2557970358898323,26.05573,41.39174,15.336009999999998,RW9,1.524152777777778,2.044566863888889,74.54648731217074,9,Group_9_12
3000,233805,229943.61,57.11350571527778,55.80248328888884,1.7613302196274674,0.02044088877483373,2.007148725696981,-4.51,4.598,9.108,3.7408123735591623,0.2995474688706491,2.931,4.535,1.604,34.25061207069994,2.2693215519220584,26.86753,42.42244,15.554910000000003,RW9,1.4441986111111114,2.044566863888889,70.63591984290301,10,Group_9_12
3000,243702,239859.57,57.05650125972219,55.71066353194443,1.6870594086220054,0.021441399742308236,1.9153597061758252,-4.605,4.606,9.211,3.7397551107500147,0.29777488811786185,3.004,4.49,1.4860000000000002,34.256989515966225,2.1143557240325817,27.67933,42.22245,14.543120000000002,RW9,1.4170388888888892,2.044566863888889,69.30753471146431,11,Group_9_12
3000,221177,217402.65000000002,50.838296602777774,49.45188009444441,1.6562152484209478,0.02352565592263211,1.8914548509358573,-4.605,4.608,9.213000000000001,3.735981987277158,0.29575253259108325,2.89,4.548,1.658,34.53930349439589,1.9529467394389954,28.24134,40.83793,12.596589999999999,RW9,1.3832666833333331,2.044566863888889,67.65573226117324,12,Group_9_12
1307,98646,96964.43,22.634053233333326,21.378969263888884,1.6292824848447987,0.04535338483060641,1.8638781328478198,-4.607,4.608,9.215,3.739045526427833,0.2987150334916463,3.023,4.442,1.419,34.191755479593695,2.283682208469513,28.8658,42.14553,13.27973,RW9,1.4677847222222222,2.044566863888889,71.78951924469752,13,Group_9_12
3000,227717,223927.96000000002,52.49728802222223,51.48011934444448,1.6662856747629733,0.017710680362028317,1.9013376655541026,-4.608,4.611,9.219,3.7465968943908443,0.30324560390772015,2.879,4.449,1.5699999999999998,35.05245699991656,1.9649408219617128,28.55357,43.83773,15.28416,RW9,1.3517972222222223,2.044566863888889,66.1165573059823,14,Group_9_12
3000,211628,207883.28999999998,45.1630723513889,43.70115708472219,1.5355061050522616,0.024371482034513375,1.7684353503747499,-4.609,4.611,9.219999999999999,3.740477829020734,0.29343507204766106,2.936,4.381,1.4450000000000003,34.222392006209006,1.901865070395048,28.58479,40.36103,11.776239999999998,RW9,1.3317868305555556,2.044566863888889,65.13784675265728,15,Group_9_12
3000,204213,200411.27999999997,45.33196578888888,43.90435939166669,1.5994755916616477,0.025898365921856098,1.8151093479717708,-4.613,4.612,9.225000000000001,3.7391150612350836,0.30541612372341265,2.931,4.483,1.5519999999999996,34.262906717936666,1.7008953108388567,28.44429,39.85266,11.408370000000001,RW9,1.2959814013888888,2.044566863888889,63.38659910216163,16,Group_9_12
3000,207375,203585.3,43.9986632972222,43.18648452777776,1.5388874213381554,0.014562367691380352,1.7573602528812455,-4.614,4.612,9.225999999999999,3.7490445666063894,0.3014239573818565,2.993,4.399,1.4060000000000001,34.29777953388788,1.8475101848609004,29.08436,40.03798,10.953619999999997,RW9,1.2217333333333333,2.044566863888889,59.755117570942296,17,Group_9_12
3000,187124,183334.86,39.81181158472226,38.4219158,1.533445517410915,0.027115725401338147,1.7608762132581028,-4.608,4.612,9.219999999999999,3.7446129625275217,0.3029370737788727,2.872,4.456,1.5840000000000005,34.17857840517518,1.789173380583387,27.78861,40.94561,13.157000000000004,RW9,1.250298611111111,2.044566863888889,61.15224858594098,18,Group_9_12
3000,199704,195865.68,41.45724264999999,40.21624600416664,1.4985075061090416,0.023198328526218795,1.7105224165606818,-4.61,4.61,9.22,3.7468107098505783,0.30528862808660034,2.891,4.453,1.5620000000000003,34.154763485959215,1.7652469890705196,26.64897,39.86812,13.219149999999999,RW9,1.2210180555555556,2.044566863888889,59.72013325272747,19,Group_9_12
3000,192970,189145.46000000002,39.226596704166695,37.93891847361113,1.4666813908897756,0.02528696688604445,1.6695807103553084,-4.611,4.613,9.224,3.7465928693579316,0.30509066891235526,2.867,4.432,1.5650000000000004,33.56253876229466,1.6141278346964711,27.89789,38.49228,10.59439,RW9,1.193241666666667,2.044566863888889,58.36158688383757,20,Group_9_12
3000,183291,179461.95,36.75927633472221,35.63013023611109,1.4507651330398112,0.022900949855693957,1.6482739229176604,-4.61,4.61,9.22,3.7354585931660584,0.3079982575427777,2.852,4.456,1.6040000000000005,33.67228336192176,1.5853221661512145,27.72616,40.91484,13.188679999999998,RW9,1.1944416666666666,2.044566863888889,58.420279021580484,21,Group_9_12
3000,181567,177736.78,35.37918492222225,34.18404418611113,1.408334669846393,0.022752807503566175,1.6055303309018192,-4.613,4.614,9.227,3.7409797760606285,0.3079572692729629,2.857,4.457,1.5999999999999996,32.83507678741181,1.6645346008551694,27.27343,40.71486,13.44143,RW9,1.1545115805555555,2.044566863888889,56.46729392648011,22,Group_9_12
3000,178024,174210.7,35.75359926527777,34.43614052916665,1.4495397530670022,0.0263565418145868,1.6428998690187935,-4.614,4.611,9.225,3.7328074866310166,0.31367793595458493,2.851,4.465,1.6139999999999999,33.140886635509816,1.681824595845867,27.6481,39.52802,11.879919999999998,RW9,1.1428291666666668,2.044566863888889,55.89590572219962,23,Group_9_12
3000,173773,169982.9,33.04764748055557,31.97633312222221,1.3783668118752626,0.020645635397904157,1.580035529733024,-4.611,4.614,9.225,3.751668722989187,0.3067124154830849,2.953,4.462,1.509,32.65342941964517,1.6007583827983909,26.82069,39.32706,12.506370000000004,RW9,1.1197845,2.044566863888889,54.768788430333,24,Group_9_12
3000,166193,162449.78999999998,29.749085893055547,28.510080306944445,1.2933475778161536,0.02678856510201994,1.4834059052007693,-4.612,4.614,9.225999999999999,3.7405351127905506,0.3046596927718009,2.846,4.449,1.6029999999999998,32.10623040717719,1.6395257599539548,27.75739,41.49942,13.74203,RW9,1.1073305555555557,2.044566863888889,54.159664578019544,25,Group_9_12
3000,169049,165244.37,31.673468552777777,30.471282013888885,1.3548877011990608,0.02495665162171914,1.541503596206413,-4.615,4.61,9.225000000000001,3.7497920484593217,0.31323697044156834,2.883,4.463,1.58,32.73559107945034,1.3756524407525914,27.32026,39.07972,11.75946,RW9,1.0750000000000002,2.044566863888889,52.57837339470941,26,Group_9_12
3000,170597,166853.0,31.34559055972224,30.282230206944437,1.331147845507248,0.023695862178115677,1.5084149411898855,-4.612,4.612,9.224,3.748607724637596,0.3090848111053798,2.822,4.589,1.7670000000000003,33.21551128325821,1.682691625956692,27.32026,38.66233,11.342069999999996,RW9,1.0833777777777778,2.044566863888889,52.98813146747024,27,Group_9_12
3000,163131,159361.82,31.34951425416668,30.03335172361111,1.3878579975602432,0.029525798284814043,1.5771356732238748,-4.611,4.61,9.221,3.742449681544281,0.31612069708104396,2.874,4.663,1.7890000000000001,35.257384672563774,1.667342176465672,29.95861,41.54557,11.586959999999998,RW9,1.0582374819444444,2.044566863888889,51.75851671251353,28,Group_9_12
3000,150348,146596.43,26.90216414444444,25.923044402777773,1.3017482307712773,0.024661206002075185,1.4947673591264907,-4.612,4.615,9.227,3.7381883563466087,0.304116775514064,2.862,4.529,1.6669999999999998,35.706577000292654,1.8731820027070478,30.80925,43.0224,12.213149999999999,RW9,1.0576444444444446,2.044566863888889,51.72951118031627,29,Group_9_12
3000,165721,161958.07,30.116365458333334,28.891376348611093,1.3142034443432034,0.027796253944883265,1.512570631220761,-4.61,4.61,9.22,3.7485567851992205,0.3049461667858605,2.827,4.46,1.633,37.372950426741326,1.432777412049548,33.06624,42.33014,9.2639,RW9,1.0339625000000001,2.044566863888889,50.57122455918812,30,Group_9_12
3000,157862,154033.8,28.03885940833335,26.84904868194445,1.2853150536544578,0.02706090762818158,1.484724835468258,-4.607,4.61,9.217,3.74187557486919,0.30829869763314527,2.867,4.5,1.633,37.22274330301149,1.4987399869012532,31.39668,41.79171,10.395030000000002,RW9,1.0013500000000002,2.044566863888889,48.976143440737,31,Group_9_12
375,20257,19787.14,4.155344779166667,3.107941477777779,1.3251383225551663,0.18620708890753815,1.519318863753661,-4.61,4.609,9.219000000000001,3.702233351434072,0.312172447000416,2.828,4.505,1.677,37.12581493508417,1.9554234106391497,31.73678,42.56089,10.824110000000001,RW9,1.0741597222222223,2.044566863888889,52.53727531214636,32,Group_9_12
3000,159646,155895.25,29.842692201388857,28.662174247222218,1.3534118862984352,0.025739072698345092,1.5471359669820737,-4.608,4.606,9.213999999999999,3.7510633464039183,0.3087002156803673,2.875,4.465,1.5899999999999999,40.07537599908547,1.7226241670852789,35.07589,45.16072,10.084829999999997,RW9,0.9903583333333335,2.044566863888889,48.438539762383336,33,Group_9_12
3000,155837,152063.4,27.890061134722227,26.812321725,1.2975734581646208,0.022371445805553242,1.4837142118887388,-4.608,4.607,9.215,3.7508622085897447,0.3151801914448484,2.843,4.502,1.6589999999999998,38.68207078652694,2.159041605950315,31.9532,44.74536,12.792159999999999,RW9,0.9374437694444445,2.044566863888889,45.85048236873849,34,Group_9_12
3000,147660,143954.75,26.48494420277776,25.365563219444446,1.3008780509278073,0.027689618041446564,1.480816832206153,-4.61,4.608,9.218,3.747503623188406,0.31816715811917456,2.832,4.514,1.6820000000000004,40.72046963856156,1.4590646173737793,35.46235,46.48371,11.021360000000001,RW9,0.8858165583333334,2.044566863888889,43.325389547224546,35,Group_9_12
3000,137264,133498.72,22.4274686111111,21.467929718055554,1.1905320623032989,0.023318401037416947,1.36486770689353,-4.618,4.61,9.228000000000002,3.7508188381512997,0.3157232634768622,2.806,4.509,1.7030000000000003,36.570227821205854,1.1482968943732506,32.10779,40.25335,8.145559999999996,RW9,0.8241732333333335,2.044566863888889,40.31040744569764,36,Group_9_12
3000,125308,121523.5,20.232201583333328,19.310274837499982,1.1807787212308873,0.025036518019599708,1.3609036743140317,-4.609,4.608,9.216999999999999,3.7403357407348294,0.3204912117120452,2.793,4.503,1.71,36.962707853289494,1.4494530045335074,31.65948,42.94548,11.286000000000005,RW9,0.7783472222222223,2.044566863888889,38.06905198207894,37,Group_9_12
3000,123359,119619.70999999999,19.615006193055546,18.713657270833327,1.1630917403675451,0.02546624080934509,1.333511034594103,-4.609,4.608,9.216999999999999,3.744303269319628,0.3178367507740475,2.807,4.502,1.6949999999999998,36.3800358526739,1.2934613334307883,32.86527,40.33027,7.464999999999996,RW9,0.7597603458333335,2.044566863888889,37.15996572438936,38,Group_9_12
3000,114592,110841.22,18.225225087500004,17.1320039736111,1.159892235060039,0.03414872765987155,1.3408024921177846,-4.61,4.608,9.218,3.723010777366657,0.3195903909835571,2.799,4.587,1.7879999999999998,37.198573984658616,1.0836471366091027,32.2933,40.49949,8.20619,RW9,0.7487625,2.044566863888889,36.62205982228474,39,Group_9_12
912,166923,536588.7499999999,71.73255613472224,72.05762145555555,1.708850745553339,1.3975541836655225,1.5723010231656216,-2.009,4.006,6.015000000000001,3.7546706924749738,0.2997795624334967,3.182,4.2,1.0180000000000002,26.906358456533855,3.746743702546473,19.8162,38.70029,18.884090000000004,RW3,1.9433902777777778,1.9433902777777778,100.0,1,Group_1_4
802,149910,521915.28999999986,65.96482252083332,66.12604439861109,1.7496808351677673,1.4315449136148357,1.6327544174430884,-2.01,4.107,6.117,3.760012967780668,0.31591956938942256,3.188,4.2,1.012,27.243288743712892,4.156427887954671,19.50163,39.64097,20.139340000000004,RW3,1.8632361111111113,1.9433902777777778,95.87554967300129,2,Group_1_4
778,146155,531080.1899999998,62.428396672222206,62.61905443472222,1.698691594540043,1.389686634052889,1.6288418723672862,-2.007,4.008,6.015000000000001,3.7604210803598916,0.32232016816195463,3.127,4.2,1.0730000000000004,27.582431219869317,4.196659071511041,19.596,37.8213,18.2253,RW3,1.8012291666666669,1.9433902777777778,92.68489130893107,3,Group_1_4
764,143739,528204.7199999999,56.93150963194445,57.361316265277786,1.5759400858500476,1.2880484628388955,1.529894258341472,-2.008,4.102,6.11,3.7804614892270014,0.3178464829313723,3.161,4.2,1.0390000000000001,26.804301943940057,3.9560020971568135,19.50163,40.47139,20.96976,RW3,1.7539506833333336,1.9433902777777778,90.25210753544245,4,Group_1_4
698,130466,483585.1199999998,54.249973083333344,54.35061519305554,1.653705317860592,1.3531541857648737,1.5672877955845286,-2.008,4.007,6.015,3.7614494810908594,0.32815348314900966,3.188,4.227,1.0390000000000001,-2524.7126505493393,2001.1548275325156,-4094.09814,36.97314,4131.07128,RW3,1.7039784861111114,1.9433902777777778,87.68071475893002,5,Group_1_4
706,129383,467571.04999999993,53.549656659722245,53.09692896388888,1.6445752224017065,1.3484693970614379,1.5689059878383658,-2.008,4.006,6.014,3.7544088017745763,0.3322333732074356,3.164,4.2,1.036,-4094.0981400000014,1.3642420526593924e-12,-4094.09814,-4094.09814,0.0,RW3,1.674015277777778,1.9433902777777778,86.13891388259779,6,Group_1_4
640,122677,470450.3099999999,50.97672729722226,50.48858402222222,1.650800663531061,1.353816289932098,1.5919942999157148,-2.179,4.147,6.3260000000000005,3.7631214164024227,0.3445299228604349,3.18,4.2,1.02,-4094.098140000002,1.8189894035458565e-12,-4094.09814,-4094.09814,0.0,RW3,1.6395125000000002,1.9433902777777778,84.36352279557275,7,Group_1_4
650,123448,482689.57999999984,49.021545579166634,48.74802508472222,1.5783232211133433,1.2933486407232195,1.5470915830588978,-2.05,4.11,6.16,3.7675701833970585,0.34134993402723357,3.183,4.2,1.0170000000000003,-4094.098140000001,9.094947017729282e-13,-4094.09814,-4094.09814,0.0,RW3,1.5884373388888888,1.9433902777777778,81.73537539280224,8,Group_1_4
338,65373,259421.49999999997,24.971062916666657,25.026632241666668,1.519489682284735,1.243175118168051,1.4967779890523427,-2.006,4.006,6.0120000000000005,3.781361265354199,0.33992475074762807,3.194,4.2,1.0060000000000002,-4094.0981400000014,1.3642420526593924e-12,-4094.09814,-4094.09814,0.0,RW3,1.628927777777778,1.9433902777777778,83.81887037329525,9,Group_1_4
676,140174,662261.1299999999,47.43521150138889,46.85054647916667,1.3441906273631343,1.102966491646097,1.4758444953992342,-2.008,4.121,6.1290000000000004,3.7799256210138825,0.32852341675586394,3.165,4.2,1.0350000000000001,-4094.098140000001,9.094947017729282e-13,-4094.09814,-4094.09814,0.0,RW3,1.5557900333333334,1.9433902777777778,80.0554603531486,10,Group_1_4
644,133886,651164.8199999998,42.87234696944445,42.04931764444445,1.2715057287543134,1.044771835740854,1.4359731754592213,-2.009,4.007,6.016,3.7950950659516307,0.32679975500897623,3.112,4.2,1.088,-4094.0981400000014,1.3642420526593924e-12,-4094.09814,-4094.09814,0.0,RW3,1.5211875000000004,1.9433902777777778,78.27493619755283,11,Group_1_4
600,126997,635618.4999999998,39.71062996111113,39.611014720833325,1.2434244430970811,1.0182075639582038,1.4532559510144758,-2.007,4.114,6.121,3.809482987787114,0.3323401573574988,3.166,4.2,1.0340000000000003,-4094.0981400000014,1.3642420526593924e-12,-4094.09814,-4094.09814,0.0,RW3,1.4856208333333334,1.9433902777777778,76.44480114576402,12,Group_1_4
602,127975,652571.7699999998,37.37333621666666,37.214050747222224,1.161399960929869,0.9514022113694082,1.3697012647347357,-2.009,4.006,6.015000000000001,3.8166620511818725,0.32496099311864274,3.169,4.203,1.0340000000000003,-4094.0981400000014,1.3642420526593924e-12,-4094.09814,-4094.09814,0.0,RW3,1.4424680555555558,1.9433902777777778,74.22431160893656,13,Group_1_4
546,118395,633439.8899999999,32.20254888055557,31.850503769444444,1.0813982685079606,0.8870539296422991,1.320343511505627,-2.007,4.112,6.119,3.8339476667088985,0.33011350206094336,3.188,4.202,1.0139999999999998,-4094.098140000001,9.094947017729282e-13,-4094.09814,-4094.09814,0.0,RW3,1.3736375000000003,1.9433902777777778,70.68253431681892,14,Group_1_4
536,117024,636188.4199999999,29.937692009722213,29.819430536111117,1.017891124897457,0.8337739523516543,1.2580237564198,-2.009,4.006,6.015000000000001,3.8456616762373534,0.3289125383459351,3.2,4.202,1.0019999999999998,-4094.0981400000014,1.3642420526593924e-12,-4094.09814,-4094.09814,0.0,RW3,1.3277625,1.9433902777777778,68.32196883882048,15,Group_1_4
392,90679,564210.7899999998,21.307295415277796,20.79083484722222,0.9337964247510449,0.7679865018361473,1.286713105583198,-2.008,4.015,6.023,3.892964479096594,0.32751240737505954,3.194,4.202,1.008,-4094.098140000001,9.094947017729282e-13,-4094.09814,-4094.09814,0.0,RW3,1.3347138888888892,1.9433902777777778,68.67966276002491,16,Group_1_4
436,99608,588566.4799999999,24.084658709722223,23.668445254166663,0.961210776242872,0.7894164223757129,1.2604527835834092,-2.009,4.007,6.016,3.8744506063769983,0.327334045913469,3.199,4.205,1.0060000000000002,-4094.098140000001,9.094947017729282e-13,-4094.09814,-4094.09814,0.0,RW3,1.292376388888889,1.9433902777777778,66.5011245382318,17,Group_1_4
320,74667,465035.0799999999,17.75860786527779,17.60142889722222,0.9466196445551582,0.7760949951116289,1.2880145089616195,-2.007,4.006,6.013,3.890812942799362,0.3295285390717468,3.192,4.201,1.0089999999999995,-4094.0981400000005,4.547473508864641e-13,-4094.09814,-4094.09814,0.0,RW3,1.2334666666666667,1.9433902777777778,63.46983829090199,18,Group_1_4
406,93097,572129.0399999999,20.935721477777776,21.024145994444435,0.8961884163829124,0.7328489747252865,1.2277945737321216,-2.007,4.006,6.013,3.8847792517481774,0.3291448640653117,3.194,4.202,1.008,-4094.098140000001,9.094947017729282e-13,-4094.09814,-4094.09814,0.0,RW3,1.2027889444444446,1.9433902777777778,61.89127105337823,19,Group_1_4
402,92777,569152.8999999999,19.369732362499988,19.469807154166666,0.8319952897808724,0.6801905536932645,1.134441394502239,-2.009,4.11,6.119,3.8900951528934975,0.3227233717982518,3.19,4.201,1.0109999999999997,-4094.0981400000005,4.547473508864641e-13,-4094.09814,-4094.09814,0.0,RW3,1.0930867388888892,1.9433902777777778,56.24638300335683,20,Group_1_4
318,74099,501599.04,13.087517048611112,12.954471418055556,0.7039507550709188,0.5772978447752332,1.0895546764040511,-2.009,4.018,6.026999999999999,3.936839822399762,0.31223789773527444,3.197,4.206,1.0090000000000003,-4094.098140000002,1.8189894035458565e-12,-4094.09814,-4094.09814,0.0,RW3,1.059675738888889,1.9433902777777778,54.527170944819375,21,Group_1_4
824,154264,539611.1499999998,67.63913394722215,68.11103157083333,1.7441362664004563,1.4257155201472802,1.6453146111728603,-2.01,4.109,6.119,3.7591205141834783,0.3192107275068754,3.065,4.2,1.1350000000000002,27.392452297619663,4.405007985075164,18.767,39.26681,20.49981,RW4,1.8816353666666665,1.8816353666666665,100.0,1,Group_1_4
776,146802,527186.9999999999,61.01617889583329,61.35479137638888,1.653081919864852,1.3516113268211605,1.556960713388912,-2.01,4.097,6.107,3.766430368796065,0.3166418918065475,3.173,4.2,1.0270000000000001,27.023128882372173,4.084300607541613,18.67267,38.01824,19.34557,RW4,1.8083902777777778,1.8816353666666665,96.10737073790003,2,Group_1_4
712,138495,535620.1499999999,58.36163408888888,58.97181226111112,1.6769893931188853,1.369825394418571,1.6290018825814252,-2.01,4.112,6.122,3.7684663417451896,0.33325644199463283,3.19,4.2,1.0100000000000002,27.55714971515217,4.525946468890626,18.73556,38.75813,20.02257,RW4,1.7518565972222222,1.8816353666666665,93.10287360965432,3,Group_1_4
742,143683,548029.94,55.02541303749997,55.79278887083334,1.5246496453999427,1.2445060932747785,1.5210944302212746,-2.01,4.01,6.02,3.7830352094541455,0.3270763976582631,3.175,4.2,1.0250000000000004,27.043235730531794,4.2536413132644855,18.56261,38.12614,19.56353,RW4,1.7047305555555556,1.8816353666666665,90.59834789221148,4,Group_1_4
682,135229,551254.6299999999,51.5063355791667,52.26673668194444,1.5167296142099698,1.2378469485095651,1.5471971722362383,-2.01,4.009,6.019,3.7925976898446345,0.3336177068021006,3.197,4.2,1.0030000000000001,25.984734686198966,4.497355662251523,17.54069,39.49802,21.957329999999995,RW4,1.6632666666666667,1.8816353666666665,88.39473875393605,5,Group_1_4
690,137924,562570.5899999999,52.26737338055555,52.87951974583335,1.5084746817087673,1.2318425944723181,1.5484881800816563,-2.01,4.037,6.047,3.779084778573708,0.33801093728131026,3.19,4.2,1.0100000000000002,26.50976196738784,4.478754725507278,17.36775,39.96046,22.592709999999997,RW4,1.6265486111111114,1.8816353666666665,86.44334816009312,6,Group_1_4
624,127539,552247.7,47.91757469861111,48.40925045694445,1.4956549133990387,1.2217291181520946,1.5546241706735382,-2.123,4.146,6.269,3.7967837053763955,0.3476572003486385,3.193,4.2,1.0070000000000001,25.801035177318308,4.833924941237479,17.1162,36.49221,19.37601,RW4,1.5885916375000002,1.8816353666666665,84.42611494458696,7,Group_1_4
558,113855,504022.8999999999,40.89210665694443,41.96897233333334,1.4319621272671381,1.1659174388476572,1.5078439490994278,-2.01,4.104,6.114,3.8112800579684687,0.34230657283120997,3.186,4.2,1.0140000000000002,25.5626354723991,4.512182332298532,17.68218,38.20321,20.52103,RW4,1.6193444444444443,1.8816353666666665,86.06048085252178,8,Group_1_4
650,146891,765691.95,45.048284262500005,46.288508909722225,1.2227327337958078,0.9952939935053884,1.447841670786291,-2.009,4.006,6.015000000000001,3.822652865049595,0.33090456523220374,3.19,4.201,1.0109999999999997,25.05614790259444,4.317772466311413,17.96518,37.41708,19.4519,RW4,1.5408899625000003,1.8816353666666665,81.89099704422013,9,Group_1_4
632,140095,726964.5099999998,40.063817837500025,41.281204793055565,1.1406696384596169,0.9279393054712873,1.3633710497305838,-2.01,4.048,6.058,3.8328706449195193,0.3216793547389458,3.197,4.204,1.0069999999999997,24.719442560262678,3.976466023551274,17.90229,37.35542,19.45313,RW4,1.5143631250000003,1.8816353666666665,80.4812213793955,10,Group_1_4
564,134779,764135.2899999998,39.37244753611108,40.64074668472222,1.1654484674912262,0.9477419256709132,1.4853378195255003,-2.009,4.007,6.016,3.8500518404202437,0.3421086204257407,3.193,4.2,1.0070000000000001,25.01847301382263,4.49220042949555,18.09096,38.55774,20.466780000000004,RW4,1.4687316958333334,1.8816353666666665,78.05612723123951,11,Group_1_4
594,143754,813256.7,38.65898645277778,39.87167736111112,1.0727038830223854,0.8724495735770831,1.343212974592484,-2.01,4.014,6.024,3.843789202387412,0.3403432804224821,3.191,4.2,1.0090000000000003,24.24738930534107,4.247494101352844,17.06903,37.35542,20.28639,RW4,1.4017458333333332,1.8816353666666665,74.49614618035896,12,Group_1_4
440,112556,719712.3699999999,24.982016881944457,26.20977150416667,0.8876804079746969,0.7193535129180142,1.2824458440911917,-2.01,4.006,6.016,3.9140547993887496,0.32493570044644005,3.198,4.202,1.004,22.52467257676179,3.7457188409898787,16.45587,36.72342,20.267549999999996,RW4,1.3487402777777782,1.8816353666666665,71.67915217107571,13,Group_1_4
416,107418,703999.69,22.090839145833346,22.849765463888883,0.8216209294531643,0.667877162114357,1.2179856459570515,-2.009,4.008,6.0169999999999995,3.9263485542460304,0.32366158114068105,3.195,4.202,1.0070000000000001,22.714152449868738,3.573910975417049,17.77652,38.5115,20.734979999999997,RW4,1.3216400833333333,1.8816353666666665,70.23890530260547,14,Group_1_4
398,104195,695019.9199999999,22.526579351388907,23.64455432222222,0.8650279188060848,0.7009922549066655,1.2700208819597223,-2.01,4.006,6.016,3.9226566437928887,0.32990244434537086,3.191,4.203,1.0120000000000005,25.90986925044388,3.8031633902630766,19.14433,39.05101,19.906679999999998,RW4,1.2774568736111112,1.8816353666666665,67.89077715275607,15,Group_1_4
155,43048,306774.1699999999,8.645009673611108,9.466095226388891,0.8071500185839064,0.6481097844266865,1.2551839041644564,-2.01,4.007,6.0169999999999995,3.9442217756922506,0.3177116506945753,3.2,4.2,1.0,26.71876042046088,3.457822503402234,21.48778,40.58957,19.10179,RW4,1.2401229180555555,1.8816353666666665,65.90665439353663,16,Group_1_4
410,104669,677453.7399999999,20.944998720833336,21.323010223611103,0.7982493766062541,0.6509467750718934,1.1673159133288231,-2.01,4.108,6.117999999999999,3.9207437159044227,0.323969567782151,3.191,4.203,1.0120000000000005,28.069337683363745,3.4773537201815308,20.91181,40.74296,19.831149999999997,RW4,1.2110889541666667,1.8816353666666665,64.36363684596986,17,Group_1_4
332,88153,621002.3499999999,14.983304312500003,16.396938131944445,0.6834062936031673,0.5488401642598664,1.098637788976108,-2.01,4.013,6.023,3.9578510317289264,0.31293017601963696,3.186,4.203,1.0170000000000003,26.806041319070257,3.1411320070752717,21.00521,39.96046,18.955249999999996,RW4,1.137974613888889,1.8816353666666665,60.47795625274736,18,Group_1_4
830,153903,523392.17999999993,68.16488977222221,68.51355099583334,1.76139126592724,1.4403403312476042,1.639721011161776,-2.007,4.005,6.0120000000000005,3.7487777106359204,0.3163532708782042,3.199,4.2,1.0010000000000003,26.52952703605518,4.528612777581539,18.87374,39.78982,20.916079999999997,RW5,1.8901208333333335,1.8901208333333335,100.0,1,Group_5_8
804,150864,529187.3199999998,63.83517115416674,64.56435735555556,1.6837530225898825,1.3750821799766677,1.5646271071929996,-2.005,4.015,6.02,3.755657903807403,0.3219504289835018,2.993,4.2,1.2070000000000003,26.44769540718793,4.513066595616367,18.84235,37.97342,19.131069999999998,RW5,1.8230444444444445,1.8901208333333335,96.45121159949356,2,Group_5_8
782,148055,528689.5499999999,58.97007349444443,59.192634583333344,1.5840139542737495,1.2956094154199451,1.5519898319340777,-2.007,4.007,6.013999999999999,3.7711592448752156,0.3206668748012541,3.196,4.2,1.004,26.34431084286245,4.34947806494328,18.77954,38.78926,20.009719999999998,RW5,1.7735875000000003,1.8901208333333335,93.83460933935001,3,Group_5_8
718,137327,520338.5699999999,57.29105443472219,56.43240888333334,1.6564023753522616,1.359954874132545,1.5766520029099116,-2.005,4.11,6.115,3.757291799864557,0.3340867860208406,3.169,4.2,1.0310000000000001,26.543923295928696,4.700330634780806,19.01505,40.35762,21.34257,RW5,1.7240972222222222,1.8901208333333335,91.21624352352546,4,Group_5_8
654,128549,519896.29999999993,50.15936199999998,50.6031899486111,1.5528524298127562,1.2687954398711774,1.5604653733125304,-2.006,4.005,6.010999999999999,3.786681164380898,0.33201862092471035,3.19,4.2,1.0100000000000002,26.13687074850835,4.569025645724965,18.88945,39.91297,21.02352,RW5,1.6753425250000002,1.8901208333333335,88.63679482572765,5,Group_5_8
708,137876,540356.45,52.44801310694448,53.00080796249999,1.514047035016972,1.2366849270358873,1.5219824746007853,-2.007,4.112,6.119,3.7806592662972527,0.33441491547261776,3.176,4.201,1.0249999999999995,26.579534013824016,4.528931337203604,18.87374,40.20444,21.330699999999997,RW5,1.653241666666667,1.8901208333333335,87.46751199768974,6,Group_5_8
650,128645,531611.6099999999,47.53738300138886,47.56135470277778,1.4696112402347545,1.2027907030976719,1.5008712206481816,-2.006,4.114,6.119999999999999,3.7958271833339814,0.33690700433972215,3.195,4.2,1.0050000000000003,25.942279968284815,4.480236788314372,18.71674,38.14275,19.426009999999998,RW5,1.6023194444444446,1.8901208333333335,84.77338676907047,7,Group_5_8
626,124132,522114.38999999984,45.04698367777782,45.54960905694445,1.445011568330487,1.180157525859569,1.4877362475634397,-2.006,4.006,6.0120000000000005,3.805671865433571,0.33746955434967346,3.193,4.2,1.0070000000000001,25.672618069877227,4.541112837753953,18.66964,40.32698,21.657339999999998,RW5,1.5735576833333333,1.8901208333333335,83.25169775300962,8,Group_5_8
58,11854,53020.03999999999,4.0009636,4.374669997222222,1.354097435464822,1.0877024633035262,1.4798263763813142,-2.005,4.004,6.0089999999999995,3.838203981778303,0.33182510023547773,3.2,4.2,1.0,25.591838790281766,4.382443368186362,19.59596,35.91073,16.31477,RW5,1.6232916666666668,1.8901208333333335,85.88295721834362,9,Group_5_8
668,145595,734345.9799999999,46.36974118055556,46.891094954166654,1.267901644974072,1.0354579346818231,1.4590022554123299,-2.01,4.006,6.016,3.807651904254953,0.33456849404631267,3.194,4.2,1.0060000000000002,25.819994401662143,4.845525186551553,19.58026,40.20444,20.62418,RW5,1.5456319444444446,1.8901208333333335,81.77423988913114,10,Group_5_8
662,143495,723648.3399999999,42.281999695833335,42.982428322222226,1.1738317223596642,0.9575986271298651,1.3853207268425556,-2.007,4.006,6.013,3.8178173246454583,0.32631021774430263,3.187,4.201,1.0139999999999998,25.55097772201122,4.720050657464504,19.29766,43.14556,23.847900000000003,RW5,1.504013888888889,1.8901208333333335,79.57236713996092,11,Group_5_8
624,139880,733708.0899999999,41.73131670833335,42.39863679444443,1.1884136831569918,0.9695978553045468,1.427784344817405,-2.009,4.11,6.119,3.814136188161282,0.33680297630808187,3.197,4.201,1.0039999999999996,25.839530202602234,4.699058761305882,19.75296,41.675,21.922039999999996,RW5,1.458879166666667,1.8901208333333335,77.18443926644902,12,Group_5_8
572,133228,740715.7499999999,36.99374692222223,37.580899634722215,1.106180712763083,0.9024815954604137,1.3878015188015738,-2.006,4.016,6.022,3.840279363196926,0.3385772439709519,3.193,4.202,1.009,24.836077595775663,4.547897158078307,18.85805,39.65128,20.79323,RW5,1.395865277777778,1.8901208333333335,73.85058421456007,13,Group_5_8
460,111581,683137.9199999999,26.815422070833336,26.956714081944448,0.9572454181267421,0.7826850897554244,1.3088665955368943,-2.008,4.112,6.12,3.8815249997759484,0.334112782575298,3.163,4.2,1.0370000000000004,23.390713078481102,4.246089931995729,18.26143,37.5578,19.29637,RW5,1.3498041666666667,1.8901208333333335,71.41364418941468,14,Group_5_8
464,112041,683827.1399999999,24.13065880833333,24.916255936111114,0.8601701519979292,0.6994651779259379,1.1896855070269654,-2.007,4.113,6.120000000000001,3.8996655063771306,0.3247303664049746,3.16,4.203,1.0430000000000001,22.764454391338884,3.7498986912269023,18.19863,36.95747,18.75884,RW5,1.3172524041666667,1.8901208333333335,69.69143881894676,15,Group_5_8
424,109250,701331.2799999998,25.196843191666666,26.264167925000002,0.9217001739130435,0.7479330892448512,1.2941783658397397,-2.01,4.007,6.0169999999999995,3.8974153501144175,0.3366736789701339,3.134,4.205,1.0710000000000002,25.831877957803204,4.235128718841995,19.59596,40.74058,21.14462,RW5,1.320275,1.8901208333333335,69.85135430054075,16,Group_5_8
325,82063,516255.99999999994,18.13019000833334,18.623778820833333,0.8818306057541159,0.7177606351217967,1.2360996287139414,-2.005,4.005,6.01,3.902443317938657,0.32882543822316007,3.198,4.204,1.0059999999999998,27.64252605534772,3.8718526904514072,22.97327,40.80185,17.828580000000002,RW5,1.2533097222222223,1.8901208333333335,66.30844441897086,17,Group_5_8
362,91105,608297.75,17.503578465277787,18.463909563888887,0.7692360572965259,0.6226934526096263,1.1478771952108162,-2.008,4.005,6.013,3.931621963668295,0.31540179012855435,3.177,4.2,1.0230000000000001,28.109430557817905,3.2417000420814874,22.63128,40.43422,17.802940000000003,RW5,1.2156111111111114,1.8901208333333335,64.31393642528734,18,Group_5_8
394,98408,641401.1699999998,18.06343150138889,19.005121037499997,0.7349945329647997,0.5952982481099097,1.0752313984263844,-2.006,4.005,6.010999999999999,3.9243026786440134,0.31631176567295305,3.193,4.203,1.0100000000000002,27.775035686123076,3.3667480265127256,22.83336,40.87844,18.04508,RW5,1.119602777777778,1.8901208333333335,59.23445517519089,19,Group_5_8
22,6622,46959.369999999995,1.0865913694444445,1.9749770944444442,0.7021034430685593,0.4867564180006041,1.0662304547701151,-2.003,3.504,5.507,3.9525542132286327,0.32776658395948916,3.198,4.2,1.0020000000000002,26.179176159770464,2.7060945575785045,23.8749,35.27961,11.404709999999998,RW5,1.1324791666666667,1.8901208333333335,59.91570203844992,20,Group_5_8
826,166296,709472.7299999997,61.449863474999994,61.942652190277784,1.4701207064511475,1.2014454286332805,1.5574671001638616,-2.007,4.11,6.117000000000001,3.7636409715206622,0.31875148566965966,3.087,4.2,1.113,27.816770033374226,5.468940336125193,19.6029,44.12589,24.522989999999997,RW6,1.855041666666667,1.855041666666667,100.0,1,Group_5_8
756,155628,701457.4999999999,57.47059686805554,58.052856206944455,1.4695635682524995,1.200471296938854,1.57362559318785,-2.007,4.113,6.120000000000001,3.7660596807772375,0.32573459226046564,3.158,4.2,1.0420000000000003,27.839478012118644,5.600666468364405,19.39795,43.21836,23.820409999999995,RW6,1.7914444444444446,1.855041666666667,96.57165532370492,2,Group_5_8
790,160981,719684.2299999999,57.43315568472222,57.61140977361109,1.4189127350432658,1.1607383417918886,1.5230377750148083,-2.009,4.11,6.119,3.7735197942614347,0.32632525773416615,3.15,4.201,1.0509999999999997,27.469259270659265,5.251898587817194,19.80785,43.01839,23.210539999999998,RW6,1.7579791666666669,1.855041666666667,94.76763774398597,3,Group_5_8
734,153573,715419.9599999998,51.55647458333331,50.642928606944444,1.3327758395030378,1.0948282705944405,1.472528248192426,-2.01,4.111,6.1209999999999996,3.7962652224023765,0.3228287243888848,3.11,4.2,1.0900000000000003,26.443840917739443,4.994905603520928,19.20877,40.63421,21.425440000000002,RW6,1.691002529166667,1.855041666666667,91.1571184384897,4,Group_5_8
690,150095,733791.3399999999,48.69221831111113,49.67142930138888,1.2923267797061861,1.0535145741030683,1.4656669229321655,-2.01,4.11,6.12,3.805004170691895,0.3286613558881746,3.153,4.2,1.0470000000000002,25.499625897464938,5.111930249761563,18.62545,40.44963,21.82418,RW6,1.6417665333333336,1.855041666666667,88.50294647469732,5,Group_5_8
628,140003,721792.3099999999,42.60906559722225,43.573008869444436,1.212905537738477,0.9882424662328665,1.443171510041139,-2.01,4.108,6.117999999999999,3.829911694749399,0.3290020646288518,3.161,4.2,1.0390000000000001,25.226767794547264,4.959380008282908,18.34167,40.08046,21.73879,RW6,1.5783253583333334,1.855041666666667,85.0830138586285,6,Group_5_8
670,144844,723936.19,42.98110767500002,43.48378517222222,1.181583531247411,0.9648726284830577,1.384572491816574,-2.009,4.112,6.121,3.8257597553229683,0.31965887349991756,3.189,4.201,1.0119999999999996,28.210832817859213,4.954142137433232,19.94974,43.24912,23.29938,RW6,1.5396194444444444,1.855041666666667,82.99648854847524,7,Group_5_8
391,86902,463370.6499999999,25.098798983333335,25.293989009722225,1.1498118110055005,0.9396398011553245,1.394563568597008,-2.007,4.11,6.117000000000001,3.839901153022945,0.3275611304487344,3.143,4.2,1.0570000000000004,29.609519878483805,4.737981113193915,23.11901,46.064,22.94499,RW6,1.4984111111111111,1.855041666666667,80.77506495062254,8,Group_5_8
562,129410,716700.1299999999,34.85334721527777,35.87042743749999,1.0743826365814078,0.8741981067923653,1.350575317674417,-2.009,4.11,6.119,3.851647894289468,0.3284969182959991,3.177,4.2,1.0230000000000001,30.76529073309636,4.888786341920969,22.74438,48.0944,25.35002,RW6,1.398801388888889,1.855041666666667,75.40538921707358,9,Group_5_8
445,109162,664880.0299999999,25.49823242083333,26.97649243333333,0.9347251699309285,0.7561393067184552,1.2823841605022708,-2.007,4.11,6.117000000000001,3.895655447866474,0.32682461995690254,3.173,4.2,1.0270000000000001,28.965043642476317,4.622895233637162,22.80682,45.06417,22.25735,RW6,1.3042055555555556,1.855041666666667,70.30599791858522,10,Group_5_8
976,139562,366900.25,64.33129465277779,63.0547037986111,1.8297169788337801,1.5035689299379487,1.5357247250501007,-2.01,4.101,6.111,3.675349457588742,0.30753082967531065,2.959,4.2,1.241,26.383465704346456,4.647771946366674,17.31936,40.91914,23.59978,RW1,1.9584665125,1.9584665125,100.0,1,Group_1_4
892,124242,342062.61,57.233384766666646,56.25081311527778,1.829289040743066,1.5023620273337517,1.5546328741316577,-2.01,4.108,6.117999999999999,3.682868297355162,0.30869010083697235,3.016,4.205,1.189,25.90132797081502,4.514001912018373,17.44534,38.63845,21.193109999999997,RW1,1.9112000000000002,1.9584665125,97.58655498073013,2,Group_1_4
876,121674,323270.22,55.34436269305551,54.0072730611111,1.805236681624669,1.4846751319098577,1.5184291027271124,-2.01,4.116,6.1259999999999994,3.69644888801223,0.30202042737072166,3.091,4.205,1.1139999999999999,25.373272597268112,4.218527638697573,17.17762,38.26788,21.090259999999997,RW1,1.8698733333333333,1.9584665125,95.4764006123558,3,Group_1_4
928,136606,409433.1599999999,58.56934969305558,57.26624249166666,1.7018070509348053,1.3991834472863562,1.5316494419151487,-2.01,4.113,6.123,3.7229266284057805,0.3159240577419497,3.128,4.206,1.0780000000000003,25.033862652152905,4.601872403764892,17.19337,40.27379,23.080419999999997,RW1,1.826590277777778,1.9584665125,93.26635232818555,4,Group_1_4
866,125149,370490.08999999997,57.127035995833324,56.09680224444445,1.8126916076037365,1.4890484462520674,1.5674450570383691,-2.005,4.009,6.014,3.712330933527236,0.3140420945659393,3.151,4.207,1.056,24.771704088166906,4.404345594932383,17.20912,38.91637,21.707250000000002,RW1,1.7884472222222225,1.9584665125,91.31875428083035,5,Group_1_4
914,137920,412359.82999999996,61.22474278611108,60.563926591666686,1.7635071128190256,1.4465675826566124,1.5707470153340557,-2.006,4.01,6.016,3.7060600493039444,0.31917508699186115,3.189,4.208,1.0190000000000001,30.074357065110206,4.65587238328931,21.77423,43.48514,21.710910000000002,RW1,1.7460472222222223,1.9584665125,89.15379512889282,6,Group_1_4
820,118501,360771.74,55.51030316388894,54.34089970555555,1.859512729850381,1.5283996253196177,1.6014825192465214,-2.005,4.113,6.118,3.69641622433566,0.3217113747381904,3.189,4.208,1.0190000000000001,30.7152970641598,4.475002958171535,21.52474,42.133,20.60826,RW1,1.714177777777778,1.9584665125,87.52652990678992,7,Group_1_4
832,118293,355260.74,51.44750477083328,50.14400591666665,1.726133473662854,1.4199856542652567,1.5197139121236822,-2.06,4.175,6.234999999999999,3.710129229962889,0.3186873546000956,3.171,4.208,1.0370000000000004,29.731781925473193,4.376387567829057,21.68067,44.65291,22.97224,RW1,1.684998611111111,1.9584665125,86.03663122940995,8,Group_1_4
804,115761,369220.14999999997,50.49691420000002,49.57782743750001,1.7323629028774803,1.423056158809962,1.5355889158983478,-2.051,4.106,6.157,3.7164912189770303,0.3285985289532276,3.17,4.208,1.0380000000000003,29.10501365053861,4.530624048937954,21.32203,41.41083,20.088799999999996,RW1,1.6442805555555555,1.9584665125,83.95755276186043,9,Group_1_4
802,115745,374177.63999999996,48.36351859722227,47.86768769861111,1.6607829539072965,1.3620981208691523,1.4990849358170644,-2.01,4.017,6.027,3.731623378979654,0.3273964317197766,3.192,4.209,1.0169999999999995,28.91736888530822,4.2613359069405865,19.19343,40.51964,21.326210000000003,RW1,1.6183069444444447,1.9584665125,82.63133089667494,10,Group_1_4
736,105098,345797.6699999999,44.923663377777764,43.620928526388866,1.6962357323640793,1.3963612152467222,1.5611440580570721,-2.005,4.006,6.011,3.726155645207331,0.3363203392973579,3.193,4.209,1.0159999999999996,29.14244022616986,4.436793350477107,22.14846,42.07154,19.92308,RW1,1.5964472222222226,1.9584665125,81.51516566828317,11,Group_1_4
367,50299,160237.52999999997,21.270292980555556,20.309413052777778,1.6759256247639118,1.3841384719378116,1.522804165173105,-2.006,4.005,6.010999999999999,3.7112056303306233,0.32702100785823796,3.192,4.208,1.016,29.4507328113879,4.175084152021532,21.89897,39.48767,17.588700000000003,RW1,1.6200680555555556,1.9584665125,82.72125385935368,12,Group_1_4
706,101190,529144.9099999999,43.061389219444465,42.34988748194444,1.6905769048324935,1.3881863128767662,1.5429287946392864,-2.005,4.005,6.01,3.727768662911356,0.34598931004381095,3.182,4.208,1.0260000000000002,28.760259165727838,4.7059640106020195,21.99253,42.24055,20.24802,RW1,1.5715513888888892,1.9584665125,80.24397552158244,13,Group_1_4
674,96074,524728.3399999999,37.85390600138888,37.48073595833334,1.5668541436809127,1.2848804567312697,1.4837876074878005,-2.006,4.037,6.042999999999999,3.7566013385515333,0.34244087756175756,3.194,4.202,1.008,27.62724584445323,4.223568136433073,21.77423,41.91788,20.143649999999997,RW1,1.5361194444444446,1.9584665125,78.43480777639513,14,Group_1_4
718,104100,550166.3599999999,38.758913508333336,37.53780005000001,1.4774396349663783,1.2168326993275695,1.4165954145056991,-2.006,4.005,6.010999999999999,3.758713890489914,0.3421967568361613,3.195,4.204,1.009,27.545311847934677,4.365867201671099,21.16611,41.18035,20.014239999999997,RW1,1.5114902777777777,1.9584665125,77.1772337249896,15,Group_1_4
712,101335,544120.5899999999,36.234597640277784,35.522257325,1.4209807766319633,1.1676085163072976,1.3988857680386286,-2.005,4.108,6.1129999999999995,3.7677859081265113,0.34613435490328964,3.16,4.207,1.0469999999999997,26.970779431489618,4.368169375632673,20.16816,40.68866,20.5205,RW1,1.455451388888889,1.9584665125,74.31586803243279,16,Group_1_4
530,70364,475977.17,24.806854918055542,24.71269926388889,1.404325820021602,1.1501323688249674,1.4291249800449355,-2.007,4.005,6.0120000000000005,3.795804615996817,0.352299463442152,3.189,4.203,1.0140000000000002,25.74410662526292,3.964220298412027,20.58917,37.04808,16.45891,RW1,1.4500069444444446,1.9584665125,74.03787275348904,17,Group_1_4
568,74059,460380.88,26.644259577777785,25.857967799999994,1.4295309280438568,1.176794731227805,1.3729908521603156,-2.008,4.113,6.121,3.766692407404907,0.3463896239418333,3.192,4.207,1.0149999999999997,25.939599862677056,4.035907412755601,20.55798,38.03627,17.47829,RW1,1.3812541666666671,1.9584665125,70.52733135086818,18,Group_1_4
542,77577,532190.76,23.735207626388885,22.966299886111116,1.2156304317001174,1.0014167601222013,1.3085780507695484,-2.009,4.112,6.121,3.8399550640009283,0.34208572040362306,3.169,4.204,1.0349999999999997,26.795323452182995,3.9653459650593614,20.79188,38.82373,18.03185,RW1,1.3540847222222228,1.9584665125,69.14004980834325,19,Group_1_4
578,80287,505761.85,27.85551391249999,26.862442880555566,1.3774202922017262,1.135352037067022,1.3600146051540938,-2.006,4.112,6.118,3.7758846264027803,0.3501350939758247,3.102,4.205,1.1030000000000002,30.53280764357866,4.148753804514186,22.83455,41.13425,18.2997,RW1,1.3315333333333335,1.9584665125,67.9885678327795,20,Group_1_4
211,27297,191608.37999999998,9.08114383472222,8.565102894444443,1.319222954903469,1.0920390152764041,1.3340387863050525,-2.006,4.111,6.116999999999999,3.8064433087885123,0.34548347548339026,3.154,4.203,1.0490000000000004,30.006896113492324,3.346302631551749,25.57891,40.39672,14.817810000000001,RW1,1.4166582569444446,1.9584665125,72.33507685235158,21,Group_1_4
550,76751,513551.32999999996,24.300102030555536,24.269048518055556,1.2612902633190446,1.0323959687821658,1.3076347652544515,-2.006,4.109,6.115,3.815192310197913,0.34945332509768007,3.181,4.205,1.024,32.42014255983636,4.01717776951295,24.84604,44.48389,19.637850000000004,RW1,1.2563472222222223,1.9584665125,64.1495381311618,22,Group_1_4
468,59503,452863.74,15.514991980555552,15.464747481944444,1.0401631850494932,0.8518533855435859,1.134063309617791,-2.008,4.005,6.013,3.849233971396401,0.3322324884920144,3.187,4.205,1.0180000000000002,29.100925262255686,2.957380588974021,25.28264,37.6657,12.38306,RW1,1.1589347222222222,1.9584665125,59.175621070121416,23,Group_1_4
1070,156986,388558.11,77.5547055416666,75.6615994513889,1.9596562496018755,1.6118719376250112,1.6017595160853721,-2.01,4.108,6.117999999999999,3.680976157109551,0.27876631168117816,3.186,4.202,1.016,-2848.1728567088153,1879.3601753655967,-4093.927,35.9548,4129.8818,RW2,1.9157211861111112,1.9157211861111112,100.0,1,Group_1_4
1000,148379,400934.9799999999,70.21019284027783,67.85814831527776,1.8756337756690635,1.5455746972280444,1.59515674910382,-2.01,4.009,6.019,3.6960965500508833,0.290742428792475,3.182,4.206,1.0240000000000005,-3368.053629256229,1562.9886709146267,-4093.927,37.17277,4131.09977,RW2,1.836254166666667,1.9157211861111112,95.85184837853356,2,Group_1_4
964,141553,391608.19999999995,66.73356038472215,64.52393855,1.8690351599754154,1.5400423586925038,1.5643243417808486,-2.01,4.109,6.119,3.694007926359738,0.30448088407845975,3.168,4.207,1.0389999999999997,-3252.183971733838,1653.8754824483945,-4093.927,39.13078,4133.05778,RW2,1.7577611111111113,1.9157211861111112,91.75453734368013,3,Group_1_4
918,132610,371089.57999999996,60.87057272499997,58.94945559444445,1.8202430208883194,1.4993094110549732,1.5567426054066829,-2.009,4.098,6.106999999999999,3.6913577709071714,0.3037486378888935,3.175,4.207,1.032,-3717.960540412564,1172.119783492189,-4093.927,38.80701,4132.73401,RW2,1.7049958333333335,1.9157211861111112,89.00020763430886,4,Group_1_4
856,120882,351206.3999999999,52.94735394027776,51.17717488333332,1.737051024966496,1.4313013682765012,1.53406584066674,-2.01,4.014,6.024,3.7147675088102448,0.30618055169565767,3.192,4.208,1.016,-3428.8215762570117,1483.3034820637338,-4093.927,37.8203,4131.7473,RW2,1.659727777777778,1.9157211861111112,86.63723039713328,5,Group_1_4
862,125107,380919.6099999999,52.565799375,50.6060630875,1.6658226398203138,1.3737433956533205,1.4812312552356206,-2.01,4.102,6.112,3.7250482467008244,0.3122081721020268,3.132,4.208,1.076,-3571.74626398515,1352.654901921884,-4093.927,41.86595,4135.79295,RW2,1.6341518638888892,1.9157211861111112,85.30217631544787,6,Group_1_4
798,115336,366180.76999999996,47.84538853611113,45.91979185138891,1.644272499479781,1.3566812010126932,1.4775217060934098,-2.01,4.099,6.109,3.733270279877922,0.31956545409515386,3.186,4.208,1.0220000000000002,-3258.3514777096493,1646.8916670457525,-4093.927,39.74747,4133.67447,RW2,1.5998555555555556,1.9157211861111112,83.51192058397815,7,Group_1_4
784,110391,331875.86,46.242311069444455,44.96540565972222,1.662280756583417,1.3680205904466851,1.4706385627072724,-2.182,4.188,6.369999999999999,3.7068541910119484,0.3154947471007502,3.19,4.208,1.0180000000000002,-3384.480715394372,1524.7140119540825,-4093.927,42.75581,4136.68281,RW2,1.581249041666667,1.9157211861111112,82.54066683245183,8,Group_1_4
726,102002,337727.24,42.455061833333346,41.22153914722223,1.651775818121213,1.3597573282876807,1.5194582064001354,-2.01,4.1,6.109999999999999,3.7277833473853463,0.3348646296369582,3.164,4.21,1.0459999999999998,-3682.1430640636463,1224.837045959699,-4093.927,44.15196,4138.07896,RW2,1.5624922986111112,1.9157211861111112,81.56157116907758,9,Group_1_4
734,104757,349588.62,42.868687226388886,41.48923030138889,1.6234443903510027,1.3372599635346565,1.5144597759621647,-2.01,4.111,6.1209999999999996,3.7276923451416137,0.3378331677753598,3.167,4.208,1.0410000000000004,-3281.8276695224195,1623.7096499730574,-4093.927,40.59253,4134.5195300000005,RW2,1.5247125000000001,1.9157211861111112,79.58947841962048,10,Group_1_4
718,102448,349779.3399999999,41.11226461388889,39.8403939236111,1.5924240395127283,1.3114055325628613,1.4864512565439922,-2.006,4.01,6.016,3.725692048649071,0.33548111859415275,3.198,4.209,1.0109999999999997,-3404.538070144074,1521.215650309955,-4093.927,43.2621,4137.1891000000005,RW2,1.4904583333333332,1.9157211861111112,77.80142246894205,11,Group_1_4
589,83439,296931.36,33.61279793888888,32.319266847222224,1.5975790457699635,1.3176197461618668,1.5250409377400116,-2.006,4.108,6.113999999999999,3.7366953223312844,0.34630924538529234,3.169,4.209,1.0399999999999996,-3515.0894956700104,1418.7120728422792,-4093.927,42.52567,4136.452670000001,RW2,1.5237569444444443,1.9157211861111112,79.53959874180077,12,Group_1_4
662,90174,489456.98999999993,34.27600349305557,32.886750088888896,1.5076929159181138,1.2439337170359528,1.4275271462519254,-2.01,4.108,6.117999999999999,3.740352152505157,0.33154752352658706,3.167,4.2,1.0330000000000004,-3704.4661803687327,1203.831252953737,-4093.927,42.54102,4136.46802,RW2,1.4527193875000002,1.9157211861111112,75.83146222071079,13,Group_1_4
590,80374,487190.38999999996,30.725587513888897,29.248086605555553,1.5155931146888295,1.252356446114415,1.4559440895147926,-2.006,4.009,6.015000000000001,3.755923134346928,0.35328727008480143,3.193,4.206,1.0130000000000003,-3593.626101020853,1336.6295982229956,-4093.927,40.51582,4134.44282,RW2,1.4288416666666666,1.9157211861111112,74.58505324395333,14,Group_1_4
608,83900,498171.52,29.188482258333327,27.738982050000004,1.3791156972586411,1.1399209654350417,1.3428193604644527,-2.005,4.109,6.114,3.7730627294398094,0.34182420718210255,3.194,4.205,1.0110000000000001,-3659.745341449464,1251.8151500985725,-4093.927,39.26954,4133.19654,RW2,1.397685802777778,1.9157211861111112,72.95872765363428,15,Group_1_4
562,78491,519275.69999999995,24.94780893611112,23.877348508333323,1.2615783083410839,1.041386592093361,1.3317945916616023,-2.007,4.006,6.013,3.8235606757462643,0.3446555462548474,3.193,4.206,1.0130000000000003,-3797.5289859352033,1063.8634558189815,-4093.927,38.86868,4132.79568,RW2,1.3421791666666667,1.9157211861111112,70.06129996355433,16,Group_1_4
562,76108,487229.1,23.103040672222242,22.26835145,1.205728819572187,0.9939061202501708,1.2653358500413094,-2.007,4.006,6.013,3.8010132443369957,0.3386401335823268,3.194,4.204,1.0099999999999998,-3818.240925979529,1024.606112656,-4093.927,38.34449,4132.27149,RW2,1.2894263888888888,1.9157211861111112,67.30762274996852,17,Group_1_4
484,60975,448181.93999999994,18.906354593055564,18.150071148611115,1.2320934973349733,1.0164718491184912,1.2906994920082764,-2.007,4.11,6.117000000000001,3.811227585075851,0.3512384404224167,3.194,4.204,1.0099999999999998,-3786.558664141699,1077.9836189524392,-4093.927,38.89952,4132.8265200000005,RW2,1.3026000000000002,1.9157211861111112,67.99528080828198,18,Group_1_4
470,61826,475498.68999999994,18.965516151388883,18.350184888888887,1.2198304758515834,1.0047765826674862,1.304455147309317,-2.007,4.006,6.013,3.8227843625659115,0.35973104574963427,3.19,4.206,1.0160000000000005,-4024.496986822536,520.2289634059297,-4093.927,37.20361,4131.13061,RW2,1.2945931736111114,1.9157211861111112,67.57732717040722,19,Group_1_4
516,69921,488906.1099999999,22.414516434722227,21.543860331944444,1.273431572774989,1.0502808455256647,1.3371276676711,-2.006,4.015,6.020999999999999,3.8147551951488112,0.35517586783664057,3.191,4.207,1.016,-4007.109708072968,590.7586763929318,-4093.927,41.43636,4135.36336,RW2,1.3134750000000002,1.9157211861111112,68.56295214160768,20,Group_1_4
492,65250,470412.79999999993,20.542204448611106,19.378857141666668,1.248471049808429,1.033264582375479,1.3002459874800048,-2.006,4.108,6.113999999999999,3.824467524904215,0.35025072052587286,3.189,4.207,1.0179999999999998,-3899.451760707128,873.8732112192866,-4093.927,40.7613,4134.6883,RW2,1.2611430555555558,1.9157211861111112,65.8312422861314,21,Group_1_4
540,72772,480224.89,22.606198643055542,21.800298204166666,1.233840611773759,1.0168753229264003,1.2593079157834526,-2.007,4.115,6.122,3.8037823338646732,0.34581105982461163,3.154,4.205,1.0510000000000002,-3798.6742202615023,1061.303276830404,-4093.927,42.81718,4136.74418,RW2,1.242046079166667,1.9157211861111112,64.83438655747209,22,Group_1_4
436,55335,447964.77,14.982175431944436,14.16057574722222,1.075109352127948,0.8894326194994127,1.2272961924290637,-2.009,4.01,6.019,3.8594591849643085,0.3457094010327129,3.189,4.318,1.1289999999999996,-3981.6284246607042,659.2946161504909,-4093.927,41.89663,4135.82363,RW2,1.158651388888889,1.9157211861111112,60.481211842780525,23,Group_1_4
426,55154,468220.0,13.015693420833333,12.081604158333333,0.9369091453022446,0.7777410704572651,1.128632473998167,-2.01,4.107,6.117,3.900070529789318,0.3295409824626388,3.183,4.38,1.197,-4093.138478299127,36.82462420896119,-4093.927,-1264.72046,2829.20654,RW2,1.1229875,1.9157211861111112,58.61956886741174,24,Group_1_4
1160,172570,428859.0,82.58344975694439,80.75188948333336,1.898560114736049,1.5609880454308396,1.574701870343101,-2.005,4.01,6.015,3.6864035927449734,0.27815554763128164,3.104,4.201,1.0969999999999995,30.46758873935215,4.243339544987203,19.56295,44.53873,24.97578,RW7,1.9459777777777778,1.9459777777777778,100.0,1,Group_5_8
1060,155787,400872.74999999994,75.8080719291667,74.00950093194446,1.9304320642929125,1.587612175598734,1.593400557699583,-2.01,4.016,6.026,3.678620051737308,0.289983972451593,3.194,4.206,1.0120000000000005,30.850085337672592,4.354768788096731,19.02879,42.86795,23.83916,RW7,1.8824166666666668,1.9459777777777778,96.73371855336934,2,Group_5_8
958,138905,371244.6399999999,67.14432237222223,65.47754045416666,1.917803549188294,1.5775071019761708,1.6256433976138913,-2.01,4.097,6.107,3.6753970843382167,0.29386479549351674,3.154,4.207,1.053,30.747230467513774,4.37429195060506,19.09163,43.89494,24.80331,RW7,1.826690751388889,1.9459777777777778,93.87007252852037,3,Group_5_8
914,134167,389224.64999999997,64.7827284402778,63.362496370833334,1.9162455447315658,1.5753722152243101,1.645465671813577,-2.01,4.094,6.104,3.6926747188205744,0.30926751565289234,3.142,4.207,1.065,31.247899503156514,4.528066859827243,19.73577,45.28982,25.55405,RW7,1.774036488888889,1.9459777777777778,91.16427274492116,4,Group_5_8
896,128841,354690.2899999999,58.99432381527776,58.03658000555558,1.8181488811791278,1.4929100208784472,1.550221387419169,-2.005,4.009,6.014,3.686863459613012,0.3028971476935218,3.187,4.207,1.02,31.852550865485362,4.945962499541911,18.91882,46.9606,28.04178,RW7,1.717238888888889,1.9459777777777778,88.24555493382361,5,Group_5_8
852,119145,330484.20999999996,53.58266380555561,52.19145688472223,1.7847342901506569,1.468358445591506,1.5328903217021346,-2.01,4.102,6.112,3.696852717277267,0.30566625238899775,3.188,4.208,1.02,36.67526557178229,4.367384476967902,25.40053,50.33121,24.93068,RW7,1.6143319444444448,1.9459777777777778,82.95736790416703,6,Group_5_8
876,126275,371710.70999999996,55.401888952777796,54.59397594166666,1.7429028627994456,1.4307578142941992,1.5157487720020073,-2.01,4.09,6.1,3.7005878360720654,0.31513633442295985,3.124,4.208,1.084,37.072316098515145,4.574849756849517,25.97608,49.45911,23.483030000000003,RW7,1.651179877777778,1.9459777777777778,84.85091128138953,7,Group_5_8
808,111022,317289.31,48.10598546250001,47.557428112500006,1.7222208120912972,1.412784628271874,1.5253046928528289,-2.071,4.109,6.18,3.6973310515033058,0.3176740994497873,3.178,4.208,1.0300000000000002,36.55355778431302,4.5169666994033895,25.32275,50.60579,25.28304,RW7,1.6316576930555555,1.9459777777777778,83.8477043103153,8,Group_5_8
760,108405,351576.18,46.774886312499994,45.68630127777777,1.7128858631981918,1.4084690189566902,1.5464135551493505,-2.086,4.01,6.096,3.7211084175084177,0.3331953580606611,3.189,4.209,1.0199999999999996,36.017473412388725,4.784142938214137,24.84054,48.17154,23.331,RW7,1.6051054194444447,1.9459777777777778,82.48323479199261,9,Group_5_8
780,111407,360194.80999999994,46.203436115277725,45.79147394305556,1.648853294676277,1.351945057312377,1.4961351486107721,-2.01,4.012,6.021999999999999,3.723416571669644,0.32782837088359934,3.109,4.208,1.0990000000000002,35.900070936565925,4.5537238811184935,24.80943,49.62772,24.818289999999998,RW7,1.5772083333333335,1.9459777777777778,81.04965798398977,10,Group_5_8
704,96880,313694.94999999995,41.45127998333334,40.05382566944446,1.697513490916598,1.3987210260115606,1.513194840003996,-2.009,4.009,6.018000000000001,3.719249958711808,0.3285090855860001,3.191,4.208,1.0170000000000003,36.03843411612304,4.602037709571706,25.05831,49.76568,24.707370000000004,RW7,1.541998891666667,1.9459777777777778,79.24031349564343,11,Group_5_8
539,71919,220513.51,30.222190002777772,28.978767827777787,1.666197847578526,1.3749614566387185,1.4771366000103983,-2.01,4.009,6.019,3.7121175350046585,0.32945054594558437,3.18,4.208,1.028,36.148756047080745,4.479146563356936,25.74275,47.08323,21.34048,RW7,1.5739962694444447,1.9459777777777778,80.88459628978292,12,Group_5_8
750,105539,528854.74,42.1903501513889,41.0245536875,1.5868327537687492,1.3060061588607055,1.4692375207214483,-2.006,4.01,6.016,3.720395105127015,0.33483992344807595,3.191,4.202,1.0110000000000001,35.927211393608054,4.617898229111891,25.27608,48.57007,23.29399,RW7,1.505076388888889,1.9459777777777778,77.34293814020944,13,Group_5_8
704,101137,544773.8799999999,37.57979743333335,37.01734892083334,1.4770505057496266,1.2125111581320387,1.3819791311701013,-2.01,4.099,6.109,3.759665799855642,0.33851162163052956,3.122,4.202,1.08,34.948979699912,4.335149286616889,25.29164,47.12921,21.83757,RW7,1.4672749999999999,1.9459777777777778,75.40039854286334,14,Group_5_8
682,95090,514756.62999999995,33.889208726388894,32.79048425694445,1.4146301609002,1.1653160795036281,1.3370605285860835,-2.006,4.005,6.010999999999999,3.7461047008097594,0.3368210292079107,3.192,4.204,1.0119999999999996,34.79368236670522,4.264687348577015,24.98054,46.42411,21.443569999999998,RW7,1.4104347222222224,1.9459777777777778,72.47948760406081,15,Group_5_8
584,78473,480381.13999999996,27.79703181527779,27.315751801388895,1.4086919704866643,1.1568237865253015,1.3753006677422355,-2.006,4.01,6.016,3.766683470747901,0.34568570278382166,3.191,4.205,1.0140000000000002,33.85051760924139,4.167599808826911,24.35832,45.90295,21.544629999999998,RW7,1.3557055555555555,1.9459777777777778,69.66706254496454,16,Group_5_8
566,77787,495043.78,26.310296895833332,26.190061522222212,1.3466368930541093,1.1029586691863678,1.3374388040649396,-2.005,4.013,6.018,3.7686964017123685,0.3551470159476452,3.193,4.2,1.0070000000000001,33.3106440464345,4.101098270935571,24.84054,44.40078,19.560239999999997,RW7,1.318873611111111,1.9459777777777778,67.7743408055362,17,Group_5_8
514,69855,493255.9799999999,21.369724175,20.80629585138889,1.2164943096413998,1.0007843103571685,1.2730109203081803,-2.006,4.103,6.109,3.812133433540906,0.35196528960769125,3.182,4.207,1.025,32.55246509612769,3.840901417465193,23.70499,42.20884,18.503850000000003,RW7,1.2536208333333332,1.9459777777777778,64.42112791056195,18,Group_5_8
508,64057,441062.24999999994,21.038374025000003,20.143356801388894,1.3040328613578531,1.0761458544733598,1.2726300532932195,-2.007,4.107,6.114000000000001,3.788885274052797,0.35007916682260853,3.161,4.207,1.0459999999999998,33.99920979049909,3.821204949004638,25.54053,46.85331,21.31278,RW7,1.2121097222222226,1.9459777777777778,62.28795292854779,19,Group_5_8
492,67726,494211.87,21.045802348611115,20.893716362500005,1.2378469273248087,1.0143754392699997,1.3051057176284089,-2.008,4.093,6.101,3.8256279124708388,0.3555782526243626,3.185,4.288,1.1030000000000002,36.2103805350973,3.839307976189352,26.69162,47.61972,20.9281,RW7,1.2323064888888888,1.9459777777777778,63.325825349153234,20,Group_5_8
304,38036,322400.13,11.104124255555561,10.613618109722225,1.159960248185929,0.957531443895257,1.313504344187254,-2.008,4.012,6.02,3.8575114365338106,0.3519613491615753,3.195,4.288,1.0930000000000004,36.323126484646124,3.038440282120699,28.99382,48.53941,19.545589999999997,RW7,1.3011597222222222,1.9459777777777778,66.8640586280533,21,Group_5_8
446,58612,464972.98,17.77803141111112,17.245535369444436,1.2064903944584726,0.9931687538388044,1.3239527954720391,-2.006,4.1,6.106,3.8397290486589783,0.35775328970866954,3.192,4.203,1.0110000000000001,38.71576357401214,3.763370946220416,29.50715,50.95663,21.449479999999998,RW7,1.1297611111111114,1.9459777777777778,58.05621852482044,22,Group_5_8
438,57023,466140.45999999996,14.34622207916667,13.657012134722217,0.9998222471634253,0.8260492082142294,1.1559077056094202,-2.006,4.102,6.1080000000000005,3.865410167827018,0.349221078729748,3.186,4.207,1.021,35.89168704715642,3.0471819017766117,28.85382,45.82631,16.97249,RW7,1.0643850083333335,1.9459777777777778,54.69666819879182,23,Group_5_8
382,47095,441527.1499999999,10.713498945833331,10.525452059722227,0.9079403333687227,0.7457037902112751,1.1388128365603307,-2.009,4.014,6.023,3.900407028346958,0.34696403923186275,3.189,4.207,1.0179999999999998,35.57016344304066,2.6536486708378604,29.83381,45.12121,15.287399999999998,RW7,1.0400333333333334,1.9459777777777778,53.44528314814603,24,Group_5_8
1054,158963,427456.95999999996,77.94420524166665,76.7284597513889,1.9465022174971538,1.5982485106597133,1.6099364392827964,-2.01,4.097,6.107,3.68434926366513,0.28895659957669767,3.176,4.201,1.0249999999999995,29.08527923441304,3.8331359372808733,19.54774,39.46621,19.918469999999996,RW8,1.8958555555555556,1.8958555555555556,100.0,1,Group_5_8
954,139049,366421.29999999993,69.34038595972221,67.59400746527777,1.9781256751217196,1.627233644254903,1.6463043647859648,-2.01,4.09,6.1,3.6738575681953844,0.2980852579249008,3.193,4.206,1.0130000000000003,29.610035845421397,3.909224460815958,19.28145,41.02769,21.74624,RW8,1.824054166666667,1.8958555555555556,96.21271838571857,2,Group_5_8
902,133192,391511.32999999996,63.66826449166662,62.215304063888894,1.8971327632290227,1.5599419259414977,1.6211065500829993,-2.01,4.099,6.109,3.699242529581356,0.3123922959158764,3.189,4.206,1.0170000000000003,28.69263425018019,4.031799311659795,19.14047,40.79844,21.65797,RW8,1.7499847222222227,1.8958555555555556,92.30580447408677,3,Group_5_8
922,132982,370135.26999999996,59.34552632638885,58.14634419166668,1.7714882540494201,1.4558030786121428,1.5270987509883518,-2.01,4.096,6.106,3.702475838835331,0.3007219025281262,3.185,4.207,1.0219999999999998,29.079274485494278,3.5705608069003554,19.56341,40.09542,20.532009999999996,RW8,1.7072625000000001,1.8958555555555556,90.05235103471315,4,Group_5_8
854,123538,365658.95999999996,56.51574958611108,55.31648404166667,1.816021232333371,1.4927141203516328,1.5559726624769463,-2.026,4.089,6.115,3.7001872136508607,0.31685508960684927,3.178,4.208,1.0300000000000002,30.215312162654406,4.9846901867544275,19.14047,44.61926,25.478789999999996,RW8,1.6537611111111115,1.8958555555555556,87.23033283126354,5,Group_5_8
810,115287,340693.38,50.94472798611113,50.15953119722223,1.7552651643290225,1.4410832357507786,1.5234658209103131,-2.01,4.013,6.023,3.713905592130943,0.3169192202673648,3.194,4.208,1.0140000000000002,34.89995582060423,4.043109057482334,25.53895,46.45325,20.914299999999997,RW8,1.5232041666666667,1.8958555555555556,80.34389340491246,6,Group_5_8
776,109223,340167.17999999993,48.486576552777805,47.906209752777784,1.764010318339544,1.4471948307590894,1.5594947248919613,-2.01,4.095,6.1049999999999995,3.7123519313697666,0.3250408322846238,3.176,4.208,1.032,35.498190847440554,4.120405512590857,25.72506,47.93573,22.21067,RW8,1.5996165597222223,1.8958555555555556,84.37438997052048,7,Group_5_8
790,110491,326874.01999999996,46.18185924444442,44.82253611805557,1.6585128019476698,1.3654421989121288,1.5019081535881804,-2.197,4.127,6.324,3.7230156392828375,0.3164019021121164,3.199,4.209,1.0099999999999998,34.56962860703587,3.993975367699147,25.1357,45.71965,20.58395,RW8,1.5699000000000003,1.8958555555555556,82.80694145709649,8,Group_5_8
768,107068,331671.06999999995,43.98719990833339,42.90527045277777,1.6311473736317108,1.3416064650502484,1.4845812947877035,-2.01,4.006,6.016,3.7159064613143054,0.3215146535298738,3.163,4.208,1.0450000000000004,34.3952424205178,3.9443589529669594,25.35283,44.92493,19.572100000000002,RW8,1.5382222222222224,1.8958555555555556,81.13604529177681,9,Group_5_8
710,100615,339777.57999999996,42.4645735597222,41.556852262499994,1.6761399194951048,1.3776918352134375,1.5451263764904695,-2.01,4.092,6.101999999999999,3.7327842866371816,0.3361388065123158,3.167,4.208,1.0410000000000004,34.475272977389054,4.233492049866096,25.3063,48.04271,22.73641,RW8,1.5168500000000003,1.8958555555555556,80.00873249837366,10,Group_5_8
682,96965,332888.37,40.80127730694439,40.05083419166667,1.6716031454648586,1.373111194760996,1.534296717031404,-2.01,4.01,6.02,3.722316279069768,0.33746720378767836,3.193,4.208,1.0150000000000001,34.6891086786985,4.157669439082555,25.49242,45.30701,19.81459,RW8,1.4750083333333335,1.8958555555555556,77.80172540102095,11,Group_5_8
522,72382,244320.80999999997,27.399790719444454,26.69852613611111,1.5032076759415327,1.2365155978005582,1.4161446645261297,-2.01,4.101,6.111,3.7571879887264794,0.32536426401792834,3.195,4.208,1.0130000000000003,34.06935742864249,3.8340005887714113,25.39936,45.23059,19.831229999999998,RW8,1.5397625000000001,1.8958555555555556,81.21728976070611,12,Group_5_8
690,93347,478594.19999999995,40.17901641805555,38.952708484722216,1.708072096585857,1.4064459489860415,1.5104671474922644,-2.009,4.103,6.112,3.6996712267132317,0.34242140954715605,3.162,4.203,1.0410000000000004,34.904101300523855,4.387972968798823,25.33732,48.36366,23.026340000000005,RW8,1.4749736111111114,1.8958555555555556,77.79989392065735,13,Group_5_8
640,89226,505342.4199999999,33.44975520555555,32.92181949166667,1.4902126846434895,1.2234232286553248,1.4047081700078436,-2.005,4.009,6.014,3.751659000739695,0.3421069995531514,3.193,4.205,1.012,33.77621028366171,3.9323557757713106,25.4614,45.84192,20.38052,RW8,1.4199736111111112,1.8958555555555556,74.89882902471474,14,Group_5_8
544,70098,452620.63,24.875542731944446,24.284188225,1.410974878027904,1.1602540871351539,1.3817548035348748,-2.006,4.099,6.105,3.7734512967559706,0.3433490482724139,3.192,4.205,1.013,33.03853910510999,3.5718544238201995,25.25977,44.48171,19.22194,RW8,1.367630002777778,1.8958555555555556,72.13787984902741,15,Group_5_8
520,71000,495567.0899999999,22.521259100000005,22.137952713888886,1.2621612253521128,1.036439929577465,1.31759178970842,-2.009,4.013,6.022,3.822630985915493,0.3467062424603859,3.188,4.205,1.017,31.988612828450698,3.371864851849459,24.87203,43.51887,18.64684,RW8,1.3286708333333335,1.8958555555555556,70.08291477902091,16,Group_5_8
500,66763,481430.31999999995,20.666063798611102,20.051737643055553,1.2308728786902925,1.0133297185566856,1.320032581045587,-2.009,4.101,6.109999999999999,3.822508664979105,0.3550867594536881,3.156,4.206,1.0500000000000003,31.359656047960698,3.616803241851199,24.62388,42.80055,18.17667,RW8,1.2728291666666665,1.8958555555555556,67.13745479906461,17,Group_5_8
490,64571,466990.88,20.81127691666666,20.344391198611106,1.2821099564820122,1.0538893930711928,1.333360689016433,-2.01,4.01,6.02,3.8021680785491947,0.3628958179930952,3.187,4.203,1.0160000000000005,31.355930273032786,3.526432625116406,23.95696,42.12809,18.17113,RW8,1.2293180555555556,1.8958555555555556,64.84239012583002,18,Group_5_8
504,66613,477559.6099999999,19.17141352916668,18.422485329166662,1.1438288171978443,0.9434614114362062,1.1903056883651502,-2.007,4.017,6.024000000000001,3.827122978998094,0.33979989799105875,3.187,4.206,1.0190000000000006,31.904479530421987,3.2617092971369632,25.52344,44.34416,18.82072,RW8,1.2182791666666668,1.8958555555555556,64.26012588863428,19,Group_5_8
448,61455,490775.0099999999,17.298311851388892,16.985349447222223,1.1207068261329427,0.9204006183386217,1.2660757253401578,-2.005,4.102,6.107,3.8582755837604763,0.34792862597448204,3.187,4.206,1.0190000000000006,34.40534180912863,3.308199691903261,26.85727,45.01662,18.159350000000003,RW8,1.2176833333333335,1.8958555555555556,64.2286976855949,20,Group_5_8
397,48501,388148.57999999996,13.46072857916666,13.340241038888887,1.1068837549741242,0.907432444691862,1.2134624290594802,-2.006,4.101,6.106999999999999,3.8609883095193913,0.34125261813193364,3.181,4.205,1.024,35.207198521061414,2.8144333722909796,29.05964,44.19133,15.131689999999999,RW8,1.3058666666666667,1.8958555555555556,68.88007173542289,21,Group_5_8
454,62366,493787.4099999999,17.46626654305556,17.252471977777784,1.1156926209793796,0.9151912259885193,1.2562403903106065,-2.005,4.1,6.1049999999999995,3.866874883750762,0.3475758381428685,3.176,4.206,1.0300000000000002,37.64586780312991,3.1192882232510595,29.81962,48.77631,18.956690000000002,RW8,1.1705743916666669,1.8958555555555556,61.743859559155354,22,Group_5_8
436,58756,488081.93,14.118394341666669,13.60103745555556,0.9558114235141943,0.7879906732929403,1.1351473786213135,-2.005,4.1,6.1049999999999995,3.8856037851453475,0.34852463246019866,3.161,4.204,1.0429999999999997,34.773120455783236,2.760373733020844,28.70292,43.97736,15.274439999999998,RW8,1.081276388888889,1.8958555555555556,57.0336904475845,23,Group_5_8
